/*==============================================================*/
/* Drag and drop to SQL Server Management Studio and run script */
/*==============================================================*/

use FitnessUA;
go

if exists (select 1
          from sysobjects
          where id = object_id('CLR_TRIGGER_EMPLOYEEGROUPS')
          and type = 'TR')
   drop trigger CLR_TRIGGER_EMPLOYEEGROUPS
go

if exists (select 1
   from sys.sysreferences r join sys.sysobjects o on (o.id = r.constid and o.type = 'F')
   where r.fkeyid = object_id('EmployeeGroups') and o.name = 'FK_EMPLOYEEGROUPS_REFERENCE_CLUB')
alter table EmployeeGroups
   drop constraint FK_EMPLOYEEGROUPS_REFERENCE_CLUB
go

if exists (select 1
            from  sysobjects
           where  id = object_id('EmployeeGroups')
            and   type = 'U')
   drop table EmployeeGroups
go

/*==============================================================*/
/* Table: Clubs                                                 */
/*==============================================================*/
create table Clubs (
   ClubId               int                  identity not null,
   Title                nvarchar(256)        not null,
   Cash                 money                not null default 0,
   constraint PK_CLUBS primary key (ClubId)
)
go

/*==============================================================*/
/* Table: EmployeeGroups                                        */
/*==============================================================*/
create table EmployeeGroups (
   EmployeeGroupId      int                  identity not null,
   ClubId               int                  null,
   Title                nvarchar(256)        not null,
   CanTrain             bit                  not null default 0,
   IsDeleted            bit                  not null default 0,
   constraint PK_EMPLOYEEGROUPS primary key (EmployeeGroupId)
)
go

alter table EmployeeGroups
   add constraint FK_EMPLOYEEGROUPS_REFERENCE_CLUB foreign key (ClubId)
      references Clubs (ClubId)
go

/*==============================================================*/
/* Table: Employees                                             */
/*==============================================================*/
create table Employees (
   EmployeeId           int                  identity not null,
   ClubId               int                  NULL REFERENCES Clubs(ClubId),
   EmployeeGroupId      int				     NULL REFERENCES EmployeeGroups (EmployeeGroupId),
   Firstname            nvarchar(256)        not null,
   Secondname           nvarchar(256)        not null,
   Lastname             nvarchar(256)        not null,
   Birthday             date                 not null,
   Address              nvarchar(max)        not null,
   PassportNumber		nvarchar(16)         not null,
   IdNumber				nvarchar(32)         not null,
   CellPhone            nvarchar(32)         not null,
   WorkPhone            nvarchar(32)         null,
   HomePhone            nvarchar(32)         null,
   Email                nvarchar(256)        not null,
   Education            nvarchar(1024)       null,
   Notes                nvarchar(max)        null,
   PassportIssuedBy     nvarchar(1024)       null,
   constraint PK_Employees primary key (EmployeeId)
)
go


SET IDENTITY_INSERT Clubs ON
go


INSERT INTO Clubs(ClubId, Title, Cash) VALUES(1,'Смольная',28.76);
INSERT INTO Clubs(ClubId, Title, Cash) VALUES(2,'23 авг',5080.653);
INSERT INTO Clubs(ClubId, Title, Cash) VALUES(3,'Космос',3114.95);
INSERT INTO Clubs(ClubId, Title, Cash) VALUES(4,'ПТИмаш',2661.86);
INSERT INTO Clubs(ClubId, Title, Cash) VALUES(5,'Маршала Жукова',418.64);
INSERT INTO Clubs(ClubId, Title, Cash) VALUES(6,'Бавария',1950.83);
INSERT INTO Clubs(ClubId, Title, Cash) VALUES(7,'Тимуровцев',239.00);
INSERT INTO Clubs(ClubId, Title, Cash) VALUES(8,'Телесенс',213.17);
INSERT INTO Clubs(ClubId, Title, Cash) VALUES(9,'Победа',1998.30);
INSERT INTO Clubs(ClubId, Title, Cash) VALUES(10,'Соича',0.00);
INSERT INTO Clubs(ClubId, Title, Cash) VALUES(11,'Залютино',753.00);
INSERT INTO Clubs(ClubId, Title, Cash) VALUES(12,'Арена Света',1323.66);
INSERT INTO Clubs(ClubId, Title, Cash) VALUES(13,'Бродвей Маршала Жукова',0.00);
INSERT INTO Clubs(ClubId, Title, Cash) VALUES(14,'Бродвей Победа',0.00);
INSERT INTO Clubs(ClubId, Title, Cash) VALUES(15,'Бродвей Холодная Гора',0.00);
INSERT INTO Clubs(ClubId, Title, Cash) VALUES(16,'Тополек',2901.01);
INSERT INTO Clubs(ClubId, Title, Cash) VALUES(17,'Нариманова',2408.35);
INSERT INTO Clubs(ClubId, Title, Cash) VALUES(18,'Одесса. Левитана',564.10);
INSERT INTO Clubs(ClubId, Title, Cash) VALUES(20,'DM-bar',0.00);
INSERT INTO Clubs(ClubId, Title, Cash) VALUES(21,'ТЕСТ',6375.00);
INSERT INTO Clubs(ClubId, Title, Cash) VALUES(22,'Львов',8257.00);
INSERT INTO Clubs(ClubId, Title, Cash) VALUES(23,'Театральная',33.30);

SET IDENTITY_INSERT Clubs OFF
go

--SET IDENTITY_INSERT EmployeeGroups ON
--go


INSERT INTO EmployeeGroups(ClubId, Title, CanTrain, IsDeleted) VALUES(5, 'Тренера ',1, 0);
INSERT INTO EmployeeGroups(ClubId, Title, CanTrain, IsDeleted) VALUES(5, 'Администраторы',0, 0);
INSERT INTO EmployeeGroups(ClubId, Title, CanTrain, IsDeleted) VALUES(1, 'Тренера',	1, 0);
INSERT INTO EmployeeGroups(ClubId, Title, CanTrain, IsDeleted) VALUES(16, 'Тренеры',1, 0);
INSERT INTO EmployeeGroups(ClubId, Title, CanTrain, IsDeleted) VALUES(2, 'Тренера',	1, 0);
INSERT INTO EmployeeGroups(ClubId, Title, CanTrain, IsDeleted) VALUES(8, 'Тренера',	1, 0);
INSERT INTO EmployeeGroups(ClubId, Title, CanTrain, IsDeleted) VALUES(4, 'тренера',1, 0);
INSERT INTO EmployeeGroups(ClubId, Title, CanTrain, IsDeleted) VALUES(17, 'Тренер',	1, 1);
INSERT INTO EmployeeGroups(ClubId, Title, CanTrain, IsDeleted) VALUES(3, 'Тренера',	1, 0);
INSERT INTO EmployeeGroups(ClubId, Title, CanTrain, IsDeleted) VALUES(3, 'Администраторы',0, 0);
INSERT INTO EmployeeGroups(ClubId, Title, CanTrain, IsDeleted) VALUES(17, 'Администратор',0, 1);
INSERT INTO EmployeeGroups(ClubId, Title, CanTrain, IsDeleted) VALUES(6, 'Тренера',	1, 0);
INSERT INTO EmployeeGroups(ClubId, Title, CanTrain, IsDeleted) VALUES(7, 'Тренера',	1, 0);
INSERT INTO EmployeeGroups(ClubId, Title, CanTrain, IsDeleted) VALUES(18, 'Тренера',1, 0);
INSERT INTO EmployeeGroups(ClubId, Title, CanTrain, IsDeleted) VALUES(18, 'Администратор',1, 0);
INSERT INTO EmployeeGroups(ClubId, Title, CanTrain, IsDeleted) VALUES(12, 'Администратор',0, 0);
INSERT INTO EmployeeGroups(ClubId, Title, CanTrain, IsDeleted) VALUES(12, 'Старший администратор',0, 0);
INSERT INTO EmployeeGroups(ClubId, Title, CanTrain, IsDeleted) VALUES(12, 'Тренера',1, 0);
INSERT INTO EmployeeGroups(ClubId, Title, CanTrain, IsDeleted) VALUES(9, 'Тренера',	1, 0);
INSERT INTO EmployeeGroups(ClubId, Title, CanTrain, IsDeleted) VALUES(21, 'тренера',1, 0);
INSERT INTO EmployeeGroups(ClubId, Title, CanTrain, IsDeleted) VALUES(16, 'Администраторы',	0, 0);
INSERT INTO EmployeeGroups(ClubId, Title, CanTrain, IsDeleted) VALUES(11, 'Тренер',	1, 0);
INSERT INTO EmployeeGroups(ClubId, Title, CanTrain, IsDeleted) VALUES(11, 'Администратор',0, 0);
INSERT INTO EmployeeGroups(ClubId, Title, CanTrain, IsDeleted) VALUES(21, 'администраторы',	0, 0);
INSERT INTO EmployeeGroups(ClubId, Title, CanTrain, IsDeleted) VALUES(22, 'Адміністратори',	0, 0);
INSERT INTO EmployeeGroups(ClubId, Title, CanTrain, IsDeleted) VALUES(22, 'Тренери',1, 0);


--SET IDENTITY_INSERT EmployeeGroups OFF
--go

SET IDENTITY_INSERT Employees ON
go

INSERT INTO Employees(EmployeeId, ClubId, EmployeeGroupId, Firstname, Secondname, Lastname, Birthday, Address, PassportNumber, IdNumber, CellPhone, WorkPhone, HomePhone, Email, Education, Notes, PassportIssuedBy) VALUES(1,5, 2, 'Татьяна', 'Сергеевна', 'Геращенко', '1991-02-05', 'г Харьков ул Межлаука', 'мн525265', '1245967896', '0638645360', '', '', 'oleggerashenko@gmail.com', '', '', '');
INSERT INTO Employees(EmployeeId, ClubId, EmployeeGroupId, Firstname, Secondname, Lastname, Birthday, Address, PassportNumber, IdNumber, CellPhone, WorkPhone, HomePhone, Email, Education, Notes, PassportIssuedBy) VALUES(2,5, 1, 'Ольга', 'Евгеньевна', 'Клочко', '1970-04-25', 'г Харьков', 'мн124563', '1245637896', '0677722426', '', '', '', '', '', '');
INSERT INTO Employees(EmployeeId, ClubId, EmployeeGroupId, Firstname, Secondname, Lastname, Birthday, Address, PassportNumber, IdNumber, CellPhone, WorkPhone, HomePhone, Email, Education, Notes, PassportIssuedBy) VALUES(3,5, 1, 'Виктория', 'Виктория', 'Назаренко', '2014-05-09', 'г.Харкьов', 'мн525252', '5241634152', '0954225210', '', '939498', '', '', '', '');
INSERT INTO Employees(EmployeeId, ClubId, EmployeeGroupId, Firstname, Secondname, Lastname, Birthday, Address, PassportNumber, IdNumber, CellPhone, WorkPhone, HomePhone, Email, Education, Notes, PassportIssuedBy) VALUES(4,5, 1, 'Руслана', 'Руслна', 'Федорова', '2014-08-10', 'г Харьков', 'мн252525', '1425361425', '', '', '', '', '', '', '');
INSERT INTO Employees(EmployeeId, ClubId, EmployeeGroupId, Firstname, Secondname, Lastname, Birthday, Address, PassportNumber, IdNumber, CellPhone, WorkPhone, HomePhone, Email, Education, Notes, PassportIssuedBy) VALUES(5,5, 1, 'Александра', 'Александра', 'Черненко', '2014-05-18', '', 'мн142536', '7896451236', '0636812737', '', '', '', '', '', '');
INSERT INTO Employees(EmployeeId, ClubId, EmployeeGroupId, Firstname, Secondname, Lastname, Birthday, Address, PassportNumber, IdNumber, CellPhone, WorkPhone, HomePhone, Email, Education, Notes, PassportIssuedBy) VALUES(6,5, 1, 'Юлия', 'Юлия', 'Коваль', '1987-03-08', 'г Харьков', 'мн124563', '1254636589', '0977379625', '', '', '', '', '', '');
INSERT INTO Employees(EmployeeId, ClubId, EmployeeGroupId, Firstname, Secondname, Lastname, Birthday, Address, PassportNumber, IdNumber, CellPhone, WorkPhone, HomePhone, Email, Education, Notes, PassportIssuedBy) VALUES(7,5, 1, 'Михаил', 'Михаил', 'Глущенко', '2014-07-20', 'г Харьков', 'мн234563', '1245634589', '0677391564', '', '', '', '', '', '');
INSERT INTO Employees(EmployeeId, ClubId, EmployeeGroupId, Firstname, Secondname, Lastname, Birthday, Address, PassportNumber, IdNumber, CellPhone, WorkPhone, HomePhone, Email, Education, Notes, PassportIssuedBy) VALUES(9,5, 1, 'Елена', 'Елена', 'Ковалевская', '1993-11-24', 'г Харьков', 'мн124563', '1245631278', '0937347564', '', '', '', '', '', '');
INSERT INTO Employees(EmployeeId, ClubId, EmployeeGroupId, Firstname, Secondname, Lastname, Birthday, Address, PassportNumber, IdNumber, CellPhone, WorkPhone, HomePhone, Email, Education, Notes, PassportIssuedBy) VALUES(10,5, 1, 'Юлия', 'Юлия', 'Тимченко', '1990-05-23', 'г харьков', 'мн124563', '1245634563', '0931825786', '', '', '', '', '', '');
INSERT INTO Employees(EmployeeId, ClubId, EmployeeGroupId, Firstname, Secondname, Lastname, Birthday, Address, PassportNumber, IdNumber, CellPhone, WorkPhone, HomePhone, Email, Education, Notes, PassportIssuedBy) VALUES(11,5, 1, 'Ольга', 'Ольга', 'Фролова', '2014-01-01', 'г Харьков', 'мн124563', '1245634563', '0951248826', '', '', '', '', '', '');
INSERT INTO Employees(EmployeeId, ClubId, EmployeeGroupId, Firstname, Secondname, Lastname, Birthday, Address, PassportNumber, IdNumber, CellPhone, WorkPhone, HomePhone, Email, Education, Notes, PassportIssuedBy) VALUES(12,5, 1, 'Оксана', 'Оксана', 'Выродова', '2014-01-01', 'г Харьков', 'мн124563', '1245631245', '0939661804', '', '', '', '', '', '');
INSERT INTO Employees(EmployeeId, ClubId, EmployeeGroupId, Firstname, Secondname, Lastname, Birthday, Address, PassportNumber, IdNumber, CellPhone, WorkPhone, HomePhone, Email, Education, Notes, PassportIssuedBy) VALUES(14,5, 1, 'Екатерина', 'Екатерина', 'Пустовая', '2014-01-01', 'г Харьков', 'мн124536', '1245631245', '0638049064', '', '', '', '', '', '');
INSERT INTO Employees(EmployeeId, ClubId, EmployeeGroupId, Firstname, Secondname, Lastname, Birthday, Address, PassportNumber, IdNumber, CellPhone, WorkPhone, HomePhone, Email, Education, Notes, PassportIssuedBy) VALUES(15,5, 1, 'Светлана', 'Светлана', 'Коновалова ', '2014-01-01', 'г Харьков', 'мн124563', '1245631245', '0995039930', '', '', '', '', '', '');
INSERT INTO Employees(EmployeeId, ClubId, EmployeeGroupId, Firstname, Secondname, Lastname, Birthday, Address, PassportNumber, IdNumber, CellPhone, WorkPhone, HomePhone, Email, Education, Notes, PassportIssuedBy) VALUES(16,2, 5, 'Инга', '11111', 'Ружа', '2001-01-01', 'Харьков', 'МТ123456', '1234567899', '+380677111497', '', '', 'sport@malibu-sport.com.ua', '', '', '');
INSERT INTO Employees(EmployeeId, ClubId, EmployeeGroupId, Firstname, Secondname, Lastname, Birthday, Address, PassportNumber, IdNumber, CellPhone, WorkPhone, HomePhone, Email, Education, Notes, PassportIssuedBy) VALUES(17,2, 5, 'Полина', '11111', 'Карманова', '2001-01-01', 'Харьков', 'МТ123456', '1234567899', '+38097440115', '', '', 'sport@mallibu-sport.com.ua', '', '', '');
INSERT INTO Employees(EmployeeId, ClubId, EmployeeGroupId, Firstname, Secondname, Lastname, Birthday, Address, PassportNumber, IdNumber, CellPhone, WorkPhone, HomePhone, Email, Education, Notes, PassportIssuedBy) VALUES(18,2, 5, 'Светлана', '11111', 'Тельнова', '2001-01-01', 'Харьков', 'МТ123456', '1234567899', '+380992548354', '', '', 'sport@mallibu-sport.com.ua', '', '', '');
INSERT INTO Employees(EmployeeId, ClubId, EmployeeGroupId, Firstname, Secondname, Lastname, Birthday, Address, PassportNumber, IdNumber, CellPhone, WorkPhone, HomePhone, Email, Education, Notes, PassportIssuedBy) VALUES(19,2, 5, 'Оксана', '1111', 'Шестопалова', '2001-01-01', 'Харьков', 'МТ123456', '1234567899', '+380632083727', '', '', 'sport@mallibu-sport.com.ua', '', '', '');
INSERT INTO Employees(EmployeeId, ClubId, EmployeeGroupId, Firstname, Secondname, Lastname, Birthday, Address, PassportNumber, IdNumber, CellPhone, WorkPhone, HomePhone, Email, Education, Notes, PassportIssuedBy) VALUES(20,2, 5, 'Лида', '1111', 'Бурцева', '2001-01-01', 'Харьков', 'МТ123456', '1234567899', '+380973269494', '', '', 'sport@mallibu-sport.com.ua', '', '', '');
INSERT INTO Employees(EmployeeId, ClubId, EmployeeGroupId, Firstname, Secondname, Lastname, Birthday, Address, PassportNumber, IdNumber, CellPhone, WorkPhone, HomePhone, Email, Education, Notes, PassportIssuedBy) VALUES(21,2, 5, 'Светлана', '111111', 'Коновалова', '2001-01-01', 'Харьков', 'МТ123456', '1234567899', '+380677627875', '', '', 'sport@mallibu-sport.com.ua', '', '', '');
INSERT INTO Employees(EmployeeId, ClubId, EmployeeGroupId, Firstname, Secondname, Lastname, Birthday, Address, PassportNumber, IdNumber, CellPhone, WorkPhone, HomePhone, Email, Education, Notes, PassportIssuedBy) VALUES(22,2, 5, 'Кристина', '111111', 'Чванина', '2001-01-01', 'Харьков', 'МТ123456', '1234567899', '+380937518380', '', '', 'sport@mallibu-sport.com.ua', '', '', '');
INSERT INTO Employees(EmployeeId, ClubId, EmployeeGroupId, Firstname, Secondname, Lastname, Birthday, Address, PassportNumber, IdNumber, CellPhone, WorkPhone, HomePhone, Email, Education, Notes, PassportIssuedBy) VALUES(24,2, 5, 'Яна', '1111', 'Осидач', '2001-01-01', 'Харьков', 'МТ123456', '1234567899', '+380979464290', '', '', 'sport@mallibu-sport.com.ua', '', '', '');
INSERT INTO Employees(EmployeeId, ClubId, EmployeeGroupId, Firstname, Secondname, Lastname, Birthday, Address, PassportNumber, IdNumber, CellPhone, WorkPhone, HomePhone, Email, Education, Notes, PassportIssuedBy) VALUES(28,2, 5, 'Виктор', '11111', 'Любченко', '2001-01-01', 'Харьков', 'МТ123456', '1234567899', '+380939730878', '', '', 'sport@mallibu-sport.com.ua', '', '', '');
INSERT INTO Employees(EmployeeId, ClubId, EmployeeGroupId, Firstname, Secondname, Lastname, Birthday, Address, PassportNumber, IdNumber, CellPhone, WorkPhone, HomePhone, Email, Education, Notes, PassportIssuedBy) VALUES(29,2, 5, 'Максим', '11111', 'Алексеев', '2001-01-01', 'Харьков', 'МТ123456', '1234567899', '+380632965234', '', '', 'sport@mallibu-sport.com.ua', '', '', '');
INSERT INTO Employees(EmployeeId, ClubId, EmployeeGroupId, Firstname, Secondname, Lastname, Birthday, Address, PassportNumber, IdNumber, CellPhone, WorkPhone, HomePhone, Email, Education, Notes, PassportIssuedBy) VALUES(30,2, 5, 'Константин', '1111', 'Ковалев', '2001-01-01', 'Харьков', 'МТ123456', '1234567899', '+380505861710', '', '', 'sport@mallibu-sport.com.ua', '', '', '');
INSERT INTO Employees(EmployeeId, ClubId, EmployeeGroupId, Firstname, Secondname, Lastname, Birthday, Address, PassportNumber, IdNumber, CellPhone, WorkPhone, HomePhone, Email, Education, Notes, PassportIssuedBy) VALUES(31,2, 5, 'Вячеслав', '1111', 'Зеленский', '2001-01-01', 'Харьков', 'МТ123456', '1234567899', '+380505398878', '', '', 'sport@mallibu-sport.com.ua', '', '', '');
INSERT INTO Employees(EmployeeId, ClubId, EmployeeGroupId, Firstname, Secondname, Lastname, Birthday, Address, PassportNumber, IdNumber, CellPhone, WorkPhone, HomePhone, Email, Education, Notes, PassportIssuedBy) VALUES(32,1, 3, 'Юлия ', 'Олеговна', 'Коваль', '1986-03-06', 'ул Смольная 32 ', 'MT057679', '3147604365', '0977379625', '', '', 'sport@malibu-sport.com.ua', '', '', 'тренер ');
INSERT INTO Employees(EmployeeId, ClubId, EmployeeGroupId, Firstname, Secondname, Lastname, Birthday, Address, PassportNumber, IdNumber, CellPhone, WorkPhone, HomePhone, Email, Education, Notes, PassportIssuedBy) VALUES(34,1, 3, 'Юлия ', 'Николаевна', 'Дудорова ', '1989-03-24', 'ул Ком.Корка  12,164', 'MH781276', '3259004746', '+380509272144', '', '', 'sport@mallibu-sport.com.ua', '', '', '');
INSERT INTO Employees(EmployeeId, ClubId, EmployeeGroupId, Firstname, Secondname, Lastname, Birthday, Address, PassportNumber, IdNumber, CellPhone, WorkPhone, HomePhone, Email, Education, Notes, PassportIssuedBy) VALUES(35,1, 3, 'Оксана ', 'А', 'Шестопалова ', '2001-01-01', 'Харьков', 'МТ123456', '1234567899', '0632083727', '', '', 'sport@mallibu-sport.com.ua', '', '', '');
INSERT INTO Employees(EmployeeId, ClubId, EmployeeGroupId, Firstname, Secondname, Lastname, Birthday, Address, PassportNumber, IdNumber, CellPhone, WorkPhone, HomePhone, Email, Education, Notes, PassportIssuedBy) VALUES(36,1, 3, 'Анастасия ', 'А', 'Сорока ', '2001-01-01', 'Харьков', 'МТ123456', '1234567899', '+380632083727', '', '', 'sport@mallibu-sport.com.ua', '', '', '');
INSERT INTO Employees(EmployeeId, ClubId, EmployeeGroupId, Firstname, Secondname, Lastname, Birthday, Address, PassportNumber, IdNumber, CellPhone, WorkPhone, HomePhone, Email, Education, Notes, PassportIssuedBy) VALUES(37,8, 6, 'Мария', 'Ивановна', 'Андреева', '1987-11-16', 'ул. сумская, 1', 'ме125478', '98745632130', '0664214661', '', '', 'sport@malibu-sport.com.ua', '', '', '');
INSERT INTO Employees(EmployeeId, ClubId, EmployeeGroupId, Firstname, Secondname, Lastname, Birthday, Address, PassportNumber, IdNumber, CellPhone, WorkPhone, HomePhone, Email, Education, Notes, PassportIssuedBy) VALUES(38,8, 6, 'Мария', 'Ивановна', 'Терновская', '1985-05-28', 'ул. сумская, 1', 'ор145658', '78596412369', '0951751842', '', '', 'sport@malibu-sport.com.ua', '', '', '');
INSERT INTO Employees(EmployeeId, ClubId, EmployeeGroupId, Firstname, Secondname, Lastname, Birthday, Address, PassportNumber, IdNumber, CellPhone, WorkPhone, HomePhone, Email, Education, Notes, PassportIssuedBy) VALUES(39,8, 6, 'Элла', 'Алимовна', 'Джамалова', '1986-02-26', 'ул. Дружба народа, 240', 'ог145236', '78596412369', '0669143557', '', '', 'elka-23@mail.ru', '', '', '');
INSERT INTO Employees(EmployeeId, ClubId, EmployeeGroupId, Firstname, Secondname, Lastname, Birthday, Address, PassportNumber, IdNumber, CellPhone, WorkPhone, HomePhone, Email, Education, Notes, PassportIssuedBy) VALUES(40,8, 6, 'Ольга', 'Ивановна', 'Третевич', '1985-05-22', 'ул. сумская, 1', 'дщ145263', '14523698741', '0939544995', '0990391399', '', 'olga.tretevich@gmail.com', '', '', '');
INSERT INTO Employees(EmployeeId, ClubId, EmployeeGroupId, Firstname, Secondname, Lastname, Birthday, Address, PassportNumber, IdNumber, CellPhone, WorkPhone, HomePhone, Email, Education, Notes, PassportIssuedBy) VALUES(41,8, 6, 'Юлия', 'Ивановна', 'Ляхова', '1990-01-01', 'ул. сумская, 1', 'пе456321', '12365478963', '0934866471', '0667185321', '', 'sport@malibu-sport.com.ua', '', '', '');
INSERT INTO Employees(EmployeeId, ClubId, EmployeeGroupId, Firstname, Secondname, Lastname, Birthday, Address, PassportNumber, IdNumber, CellPhone, WorkPhone, HomePhone, Email, Education, Notes, PassportIssuedBy) VALUES(42,8, 6, 'Анна', 'Ивановна', 'Реута', '1990-06-01', 'ул. сумская, 1', 'рн145236', '12563478963', '0636686399', '', '', 'anuta_reyta@mail.ru', '', '', '');
INSERT INTO Employees(EmployeeId, ClubId, EmployeeGroupId, Firstname, Secondname, Lastname, Birthday, Address, PassportNumber, IdNumber, CellPhone, WorkPhone, HomePhone, Email, Education, Notes, PassportIssuedBy) VALUES(43,8, 6, 'Евгений', 'Иванович', 'Хрисанов', '1990-03-14', 'ул. сумская, 1', 'рн256314', '52364178952', '0505029566', '', '', 'gen78@ua.fm', '', '', '');
INSERT INTO Employees(EmployeeId, ClubId, EmployeeGroupId, Firstname, Secondname, Lastname, Birthday, Address, PassportNumber, IdNumber, CellPhone, WorkPhone, HomePhone, Email, Education, Notes, PassportIssuedBy) VALUES(45,8, 6, 'Юлия', 'Ивановна', 'Давиденко', '1990-04-18', 'ул. сумская, 1', 'ло589647', '58964712369', '0934988713', '', '', 'julia18.04.1996@mail.ru', '', '', '');
INSERT INTO Employees(EmployeeId, ClubId, EmployeeGroupId, Firstname, Secondname, Lastname, Birthday, Address, PassportNumber, IdNumber, CellPhone, WorkPhone, HomePhone, Email, Education, Notes, PassportIssuedBy) VALUES(46,8, 6, 'Наталья', 'Ивановна', 'Слисаренко', '1990-01-09', 'ул. сумская, 1', 'ва152634', '85236974123', '0663308387', '', '', 'sport@malibu-sport.com.ua', '', '', '');
INSERT INTO Employees(EmployeeId, ClubId, EmployeeGroupId, Firstname, Secondname, Lastname, Birthday, Address, PassportNumber, IdNumber, CellPhone, WorkPhone, HomePhone, Email, Education, Notes, PassportIssuedBy) VALUES(47,8, 6, 'Мирослава', 'Григорьевна', 'Краснокутская', '1979-01-16', 'ул. Архитекторов, 32, кв.130', 'дш125634', '85236974123', '0505959514', '', '336-33-38', 'sport@malibu-sport.com.ua', '', '', '');
INSERT INTO Employees(EmployeeId, ClubId, EmployeeGroupId, Firstname, Secondname, Lastname, Birthday, Address, PassportNumber, IdNumber, CellPhone, WorkPhone, HomePhone, Email, Education, Notes, PassportIssuedBy) VALUES(49,8, 6, 'Виктория', 'Ивановна', 'Яценко', '1990-01-27', 'ул. сумская, 1', 'дл125634', '85236974152', '0932636162', '', '', 'victoria-y@bk.ru', '', '', '');
INSERT INTO Employees(EmployeeId, ClubId, EmployeeGroupId, Firstname, Secondname, Lastname, Birthday, Address, PassportNumber, IdNumber, CellPhone, WorkPhone, HomePhone, Email, Education, Notes, PassportIssuedBy) VALUES(50,8, 6, 'Екатерина', 'Ивановна', 'Куцая', '1990-01-01', 'ул. сумская, 1', 'пе125634', '52364178963', '0661617459', '', '', 'sport@malibu-sport.com.ua', '', '', '');
INSERT INTO Employees(EmployeeId, ClubId, EmployeeGroupId, Firstname, Secondname, Lastname, Birthday, Address, PassportNumber, IdNumber, CellPhone, WorkPhone, HomePhone, Email, Education, Notes, PassportIssuedBy) VALUES(51,1, 3, 'Екатерина', 'Анатольевна', 'Вуйцик ', '1983-11-11', 'Харькова', 'МТ123456', '1234567899', '0634731974', '', '', 'sport@mallibu-sport.com.ua', '', '', '');
INSERT INTO Employees(EmployeeId, ClubId, EmployeeGroupId, Firstname, Secondname, Lastname, Birthday, Address, PassportNumber, IdNumber, CellPhone, WorkPhone, HomePhone, Email, Education, Notes, PassportIssuedBy) VALUES(52,17, 8, 'Сергей', '1', 'Истомин', '1977-09-16', 'МН111111', 'мн111111', '1234567890', '+380939391051', '', '', 'sport@malibu-sport.com.ua', '', '', '');
INSERT INTO Employees(EmployeeId, ClubId, EmployeeGroupId, Firstname, Secondname, Lastname, Birthday, Address, PassportNumber, IdNumber, CellPhone, WorkPhone, HomePhone, Email, Education, Notes, PassportIssuedBy) VALUES(53,17, 8, 'Инна', '1', 'Иванчук', '1979-07-03', '1', 'мн111111', '1234567890', '+380508017907', '', '', 'sport@malibu-sport.com.ua', '', '', '');
INSERT INTO Employees(EmployeeId, ClubId, EmployeeGroupId, Firstname, Secondname, Lastname, Birthday, Address, PassportNumber, IdNumber, CellPhone, WorkPhone, HomePhone, Email, Education, Notes, PassportIssuedBy) VALUES(54,17, 8, 'Елена', '1', 'Дранищева', '1991-12-06', '1', 'мн111111', '123456789', '+380635816380', '', '', 'sport@malibu-sport.com.ua', '', '', '');
INSERT INTO Employees(EmployeeId, ClubId, EmployeeGroupId, Firstname, Secondname, Lastname, Birthday, Address, PassportNumber, IdNumber, CellPhone, WorkPhone, HomePhone, Email, Education, Notes, PassportIssuedBy) VALUES(55,17, 8, 'Яна', '1', 'Осидач', '1985-06-03', '1', '111111', '1111111111', '+380507753885', '', '', 'sport@malibu-sport.com.ua', '', '', '');
INSERT INTO Employees(EmployeeId, ClubId, EmployeeGroupId, Firstname, Secondname, Lastname, Birthday, Address, PassportNumber, IdNumber, CellPhone, WorkPhone, HomePhone, Email, Education, Notes, PassportIssuedBy) VALUES(56,17, 8, 'Ольга', '1', 'Рюмшина', '1990-05-07', '1', 'мн111111', '1111111111', '+380632943749', '', '', 'sport@malibu-sport.com.ua', '', '', '');
INSERT INTO Employees(EmployeeId, ClubId, EmployeeGroupId, Firstname, Secondname, Lastname, Birthday, Address, PassportNumber, IdNumber, CellPhone, WorkPhone, HomePhone, Email, Education, Notes, PassportIssuedBy) VALUES(57,1, 3, 'Вячеслав', 'А ', 'Зеленский', '2001-01-01', 'Харьков', 'МТ123456', '1234567899', '+380505398878', '', '', 'sport@mallibu-sport.com.ua', '', '', '');
INSERT INTO Employees(EmployeeId, ClubId, EmployeeGroupId, Firstname, Secondname, Lastname, Birthday, Address, PassportNumber, IdNumber, CellPhone, WorkPhone, HomePhone, Email, Education, Notes, PassportIssuedBy) VALUES(58,17, 8, 'Екатерина', '1', 'Триноженко', '1988-08-28', '1', 'мн111111', '1234567890', '+380666954537', '', '', 'sport@malibu-sport.com.ua', '', '', '');
INSERT INTO Employees(EmployeeId, ClubId, EmployeeGroupId, Firstname, Secondname, Lastname, Birthday, Address, PassportNumber, IdNumber, CellPhone, WorkPhone, HomePhone, Email, Education, Notes, PassportIssuedBy) VALUES(59,17, 8, 'Дарья', '1', 'Триноженко', '1993-07-24', '1', 'мн111111', '1234567890', '+380990900830', '', '', 'sport@malibu-sport.com.ua', '', '', '');
INSERT INTO Employees(EmployeeId, ClubId, EmployeeGroupId, Firstname, Secondname, Lastname, Birthday, Address, PassportNumber, IdNumber, CellPhone, WorkPhone, HomePhone, Email, Education, Notes, PassportIssuedBy) VALUES(60,17, 8, 'Наталья', '1', 'Никитченко', '1985-12-06', '1', 'мн111111', '7894561230', '+380938919547', '', '', 'sport@malibu-sport.com.ua', '', '', '');
INSERT INTO Employees(EmployeeId, ClubId, EmployeeGroupId, Firstname, Secondname, Lastname, Birthday, Address, PassportNumber, IdNumber, CellPhone, WorkPhone, HomePhone, Email, Education, Notes, PassportIssuedBy) VALUES(61,17, 8, 'Екатерина', '1', 'Голодько', '1982-02-17', '1', 'мн111111', '4567891230', '+380937231232', '', '', 'sport@malibu-sport.com.ua', '', '', '');
INSERT INTO Employees(EmployeeId, ClubId, EmployeeGroupId, Firstname, Secondname, Lastname, Birthday, Address, PassportNumber, IdNumber, CellPhone, WorkPhone, HomePhone, Email, Education, Notes, PassportIssuedBy) VALUES(62,17, 8, 'Алиса', '1', 'Королесова', '1987-05-21', '1', 'мн111111', '7894561230', '+380632840307', '', '', 'sport@malibu-sport.com.ua', '', '', '');
INSERT INTO Employees(EmployeeId, ClubId, EmployeeGroupId, Firstname, Secondname, Lastname, Birthday, Address, PassportNumber, IdNumber, CellPhone, WorkPhone, HomePhone, Email, Education, Notes, PassportIssuedBy) VALUES(63,17, 8, 'Владимир', '1', 'Орел', '1987-01-04', '1', 'мн111111', '1234567890', '+380631113410', '', '', 'sport@malibu-sport.com.ua', '', '', '');
INSERT INTO Employees(EmployeeId, ClubId, EmployeeGroupId, Firstname, Secondname, Lastname, Birthday, Address, PassportNumber, IdNumber, CellPhone, WorkPhone, HomePhone, Email, Education, Notes, PassportIssuedBy) VALUES(64,17, 8, 'Валерий', '1', 'Эпик', '1986-10-24', '1', 'мн111111', '4444444444444444', '+380931965858', '', '', 'sport@malibu-sport.com.ua', '', '', '');
INSERT INTO Employees(EmployeeId, ClubId, EmployeeGroupId, Firstname, Secondname, Lastname, Birthday, Address, PassportNumber, IdNumber, CellPhone, WorkPhone, HomePhone, Email, Education, Notes, PassportIssuedBy) VALUES(67,6, 12, 'Евгений', 'Вадимович', 'Мосиенко', '1993-01-19', 'Харьков', 'МТ 123456', '1234567899', '+380638158625', '', '', 'krupa_ew@mail.ru', '', '', '');
INSERT INTO Employees(EmployeeId, ClubId, EmployeeGroupId, Firstname, Secondname, Lastname, Birthday, Address, PassportNumber, IdNumber, CellPhone, WorkPhone, HomePhone, Email, Education, Notes, PassportIssuedBy) VALUES(68,6, 12, 'Тимур', 'Андреевич', 'Юрьев', '1993-09-10', 'Харьков', 'МТ 321654', '9876543211', '+380935570068', '', '', 'krupa_ew@mail.ru', '', '', '');
INSERT INTO Employees(EmployeeId, ClubId, EmployeeGroupId, Firstname, Secondname, Lastname, Birthday, Address, PassportNumber, IdNumber, CellPhone, WorkPhone, HomePhone, Email, Education, Notes, PassportIssuedBy) VALUES(69,6, 12, 'Александра', '00000', 'Черненко', '1990-05-18', 'Харьков', 'МТ365241', '1236549877', '+380636812737', '', '', 'krupa_ew@mail.ru', '', '', '');
INSERT INTO Employees(EmployeeId, ClubId, EmployeeGroupId, Firstname, Secondname, Lastname, Birthday, Address, PassportNumber, IdNumber, CellPhone, WorkPhone, HomePhone, Email, Education, Notes, PassportIssuedBy) VALUES(70,6, 12, 'Юлия', '0000', 'Надточий', '1993-09-08', 'Харьков', 'МТ123658', '1234569878', '+380971651626', '', '', 'krupa_ew@mail.ru', '', '', '');
INSERT INTO Employees(EmployeeId, ClubId, EmployeeGroupId, Firstname, Secondname, Lastname, Birthday, Address, PassportNumber, IdNumber, CellPhone, WorkPhone, HomePhone, Email, Education, Notes, PassportIssuedBy) VALUES(71,6, 12, 'Вероника', '0000', 'Тимченко', '1993-04-26', 'Харьков', 'ТМ123654', '1236548978', '+380636031634', '', '', 'krupa_ew@mail.ru', '', '', '');
INSERT INTO Employees(EmployeeId, ClubId, EmployeeGroupId, Firstname, Secondname, Lastname, Birthday, Address, PassportNumber, IdNumber, CellPhone, WorkPhone, HomePhone, Email, Education, Notes, PassportIssuedBy) VALUES(72,6, 12, 'Олег', '0000', 'Зазерин', '1993-04-21', 'Харьков', 'МИ123456', '1236985748', '+380936693043', '', '', 'krupa_ew@mail.ru', '', '', '');
INSERT INTO Employees(EmployeeId, ClubId, EmployeeGroupId, Firstname, Secondname, Lastname, Birthday, Address, PassportNumber, IdNumber, CellPhone, WorkPhone, HomePhone, Email, Education, Notes, PassportIssuedBy) VALUES(73,6, 12, 'Каринэ', '00000', 'Каринэ', '2001-01-01', 'Харьков', 'МТ321564', '9876543211', '+380663133222', '', '', 'krupa_ew@mail.ru', '', '', '');
INSERT INTO Employees(EmployeeId, ClubId, EmployeeGroupId, Firstname, Secondname, Lastname, Birthday, Address, PassportNumber, IdNumber, CellPhone, WorkPhone, HomePhone, Email, Education, Notes, PassportIssuedBy) VALUES(74,6, 12, 'Андрей', '0000', 'Таэквондо', '2001-01-01', 'Харьков', 'МТ2365212', '3215648978', '+380665516001', '', '', 'krupa_ew@mail.ru', '', '', '');
INSERT INTO Employees(EmployeeId, ClubId, EmployeeGroupId, Firstname, Secondname, Lastname, Birthday, Address, PassportNumber, IdNumber, CellPhone, WorkPhone, HomePhone, Email, Education, Notes, PassportIssuedBy) VALUES(75,6, 12, 'Николаевна', '0', 'Тамара', '2001-01-01', 'Харьков', 'МТ987456', '7896542130', '+380665170257', '', '', 'krupa_ew@mail.ru', '', '', '');
INSERT INTO Employees(EmployeeId, ClubId, EmployeeGroupId, Firstname, Secondname, Lastname, Birthday, Address, PassportNumber, IdNumber, CellPhone, WorkPhone, HomePhone, Email, Education, Notes, PassportIssuedBy) VALUES(76,6, 12, 'Контэмп', '0000', 'Лариса', '2001-01-01', 'Харьков', 'МИ231456', '8976452131', '+380934009652', '', '', 'krupa_ew@mail.ru', '', '', '');
INSERT INTO Employees(EmployeeId, ClubId, EmployeeGroupId, Firstname, Secondname, Lastname, Birthday, Address, PassportNumber, IdNumber, CellPhone, WorkPhone, HomePhone, Email, Education, Notes, PassportIssuedBy) VALUES(77,6, 12, 'Анна', '00', 'Зенькова', '2001-01-01', 'Харьков', 'ТМ123654', '1324658795', '+380961653473', '', '', 'krupa_ew@mail.ru', '', '', '');
INSERT INTO Employees(EmployeeId, ClubId, EmployeeGroupId, Firstname, Secondname, Lastname, Birthday, Address, PassportNumber, IdNumber, CellPhone, WorkPhone, HomePhone, Email, Education, Notes, PassportIssuedBy) VALUES(78,7, 13, 'Екатерина', 'Александровна', 'Куцая', '1987-04-27', 'Тимуровцев 46,кв 4', 'МН602181', '1234567890', '0661617459', '7550901', '641258', 'kutsaya1987@gmail.com', 'высшее', 'Тренер фитнеса и пилатеса', '');
INSERT INTO Employees(EmployeeId, ClubId, EmployeeGroupId, Firstname, Secondname, Lastname, Birthday, Address, PassportNumber, IdNumber, CellPhone, WorkPhone, HomePhone, Email, Education, Notes, PassportIssuedBy) VALUES(79,7, 13, 'Елена', 'Игоревна', 'Ковалевская', '1992-11-24', 'ул.Героев Труда 70,кв 56', 'МТ029402', '1234567890', '0937347564', '7550901', '664979', 'EkonoMISStka@rambler.ru', 'Высшее', 'Тренер фитнеса,пилатеса,золотой возраст ', '');
INSERT INTO Employees(EmployeeId, ClubId, EmployeeGroupId, Firstname, Secondname, Lastname, Birthday, Address, PassportNumber, IdNumber, CellPhone, WorkPhone, HomePhone, Email, Education, Notes, PassportIssuedBy) VALUES(80,7, 13, 'Александр', 'Сергееввич', 'Курявый', '1992-07-13', 'Тракторостроителей 107 б,кв 69', 'МТ008755', '1234567890', '09388532610', '7550901', '', 'Kuryayy.alexandr@list.ru', 'высшее', 'тренер тренажерного зала', '');
INSERT INTO Employees(EmployeeId, ClubId, EmployeeGroupId, Firstname, Secondname, Lastname, Birthday, Address, PassportNumber, IdNumber, CellPhone, WorkPhone, HomePhone, Email, Education, Notes, PassportIssuedBy) VALUES(81,7, 13, 'Ольга', 'Викторовна', 'Литвинова', '1985-03-02', 'Тимуровцев 35', 'МН 94125', '1234567890', '0962131038', '7550901', '', 'olgаlitvinova@mail.ru', 'высшее', 'тренер по пилатесу', '');
INSERT INTO Employees(EmployeeId, ClubId, EmployeeGroupId, Firstname, Secondname, Lastname, Birthday, Address, PassportNumber, IdNumber, CellPhone, WorkPhone, HomePhone, Email, Education, Notes, PassportIssuedBy) VALUES(82,7, 13, 'Лариса', 'Александровна', 'Серебрякова', '1973-01-25', 'Тимуровцев', 'МР25468', '1234567890', '0955447490', '', '', '', 'высшее', 'тренер по йоге', '');
INSERT INTO Employees(EmployeeId, ClubId, EmployeeGroupId, Firstname, Secondname, Lastname, Birthday, Address, PassportNumber, IdNumber, CellPhone, WorkPhone, HomePhone, Email, Education, Notes, PassportIssuedBy) VALUES(83,7, 13, 'Карим', 'Каримович', 'Садат', '1993-10-18', 'г.Харьков, ул. Героев Труда, 29, кв. 305', 'МТ7777777', '1234567890', '0939259392', '', '', 'karim_sadat@ukr.net', 'ХГАФК, ХНУСА, АВВ МВД Украины.', 'Тренер тренажерного зала, массажист. ', '');
INSERT INTO Employees(EmployeeId, ClubId, EmployeeGroupId, Firstname, Secondname, Lastname, Birthday, Address, PassportNumber, IdNumber, CellPhone, WorkPhone, HomePhone, Email, Education, Notes, PassportIssuedBy) VALUES(84,17, 8, 'Татьяна', '1', 'Ладыка', '2014-06-01', '1', '111111', '1111111111', '+380631111111', '', '', 'sport@malibu-sport.com.ua', '', '', '');
INSERT INTO Employees(EmployeeId, ClubId, EmployeeGroupId, Firstname, Secondname, Lastname, Birthday, Address, PassportNumber, IdNumber, CellPhone, WorkPhone, HomePhone, Email, Education, Notes, PassportIssuedBy) VALUES(85,3, 10, 'Елена', 'Викторовна', 'Бондаренко', '1974-06-03', 'ул Метростроителей 5 ', 'МН 456374', '1234567890', '0508967654', '', '', 'malibu-sport@mail.ru', '', '', '');
INSERT INTO Employees(EmployeeId, ClubId, EmployeeGroupId, Firstname, Secondname, Lastname, Birthday, Address, PassportNumber, IdNumber, CellPhone, WorkPhone, HomePhone, Email, Education, Notes, PassportIssuedBy) VALUES(86,3, 9, 'Светлана', 'Розаевна', 'Нурметова ', '1974-06-15', 'метростроителей 5', 'мн 456735', '1234567890', '0506884607', '', '', '', '', '', '');
INSERT INTO Employees(EmployeeId, ClubId, EmployeeGroupId, Firstname, Secondname, Lastname, Birthday, Address, PassportNumber, IdNumber, CellPhone, WorkPhone, HomePhone, Email, Education, Notes, PassportIssuedBy) VALUES(87,3, 9, 'Елена', 'Викторовна', 'Непочатова', '1990-02-10', 'Метростроителей 5', 'мн345674', '1234567890', '0930085735', '', '', 'kozii_Evgeniya@mail.ru', '', '', '');
INSERT INTO Employees(EmployeeId, ClubId, EmployeeGroupId, Firstname, Secondname, Lastname, Birthday, Address, PassportNumber, IdNumber, CellPhone, WorkPhone, HomePhone, Email, Education, Notes, PassportIssuedBy) VALUES(88,3, 9, 'Виктория', 'Викторовна', 'Вонц', '1978-02-14', 'метростроителей5 ', 'мн456746', '0987654321', '0667316957', '', '', 'kozii_Evgeniya@mail.ru', '', '', '');
INSERT INTO Employees(EmployeeId, ClubId, EmployeeGroupId, Firstname, Secondname, Lastname, Birthday, Address, PassportNumber, IdNumber, CellPhone, WorkPhone, HomePhone, Email, Education, Notes, PassportIssuedBy) VALUES(89,3, 9, 'Элла', 'Аминовна', 'Джамалова ', '1985-06-03', 'метростроителей 5', 'мн456746', '0987654321', '0669143557', '', '', 'kozii_Evgeniya@mail.ru', '', '', '');
INSERT INTO Employees(EmployeeId, ClubId, EmployeeGroupId, Firstname, Secondname, Lastname, Birthday, Address, PassportNumber, IdNumber, CellPhone, WorkPhone, HomePhone, Email, Education, Notes, PassportIssuedBy) VALUES(90,3, 9, 'Ольга', 'Викторовна', 'Замула', '1987-06-23', 'Метростроителей 5', 'мн 456735', '0987654321', '0986754653', '', '', 'kozii_Evgeniya@mail.ru', '', '', '');
INSERT INTO Employees(EmployeeId, ClubId, EmployeeGroupId, Firstname, Secondname, Lastname, Birthday, Address, PassportNumber, IdNumber, CellPhone, WorkPhone, HomePhone, Email, Education, Notes, PassportIssuedBy) VALUES(91,3, 9, 'Артем', 'Юрьевич', 'Колесник', '2014-06-10', 'меьростроителей 5', 'мн 567465', '0987654321', '0930985647', '', '', 'kozii_Evgeniya@mail.ru', '', '', '');
INSERT INTO Employees(EmployeeId, ClubId, EmployeeGroupId, Firstname, Secondname, Lastname, Birthday, Address, PassportNumber, IdNumber, CellPhone, WorkPhone, HomePhone, Email, Education, Notes, PassportIssuedBy) VALUES(92,3, 9, 'Сергей', 'Сергеевич', 'Гуляев', '2014-06-03', 'метростроителей5', 'мн 567465', '0987654321', '0987654323', '', '', 'kozii_Evgeniya@mail.ru', '', '', '');
INSERT INTO Employees(EmployeeId, ClubId, EmployeeGroupId, Firstname, Secondname, Lastname, Birthday, Address, PassportNumber, IdNumber, CellPhone, WorkPhone, HomePhone, Email, Education, Notes, PassportIssuedBy) VALUES(93,3, 9, 'Вадим', 'Юрьевич', 'Накурда', '2014-06-03', 'метростроителей 5', 'мн 456735', '0987654321', '0987654354', '', '', 'kozii_Evgeniya@mail.ru', '', '', '');
INSERT INTO Employees(EmployeeId, ClubId, EmployeeGroupId, Firstname, Secondname, Lastname, Birthday, Address, PassportNumber, IdNumber, CellPhone, WorkPhone, HomePhone, Email, Education, Notes, PassportIssuedBy) VALUES(94,3, 9, 'Дмитрий', 'Олегович', 'Карбун', '2014-06-03', 'метростроитеей 5', 'мн 564756', '0987654321', '0987654323', '', '', 'kozii_Evg@mail.ru', '', '', '');
INSERT INTO Employees(EmployeeId, ClubId, EmployeeGroupId, Firstname, Secondname, Lastname, Birthday, Address, PassportNumber, IdNumber, CellPhone, WorkPhone, HomePhone, Email, Education, Notes, PassportIssuedBy) VALUES(95,3, 9, 'Алена', 'Максимовна', 'Луценко ', '2014-06-12', 'метростроителен6', 'мн 567846', '0987654321', '0986754657', '', '', 'kozii_Evg@mail.ru', '', '', '');
INSERT INTO Employees(EmployeeId, ClubId, EmployeeGroupId, Firstname, Secondname, Lastname, Birthday, Address, PassportNumber, IdNumber, CellPhone, WorkPhone, HomePhone, Email, Education, Notes, PassportIssuedBy) VALUES(96,3, 9, 'Аня', 'Викторовна', 'Деркач', '2014-06-11', 'метростроителей 5', 'мн 567465', '0987654321', '0987653456', '', '', 'kozii_Evg@mail.ru', '', '', '');
INSERT INTO Employees(EmployeeId, ClubId, EmployeeGroupId, Firstname, Secondname, Lastname, Birthday, Address, PassportNumber, IdNumber, CellPhone, WorkPhone, HomePhone, Email, Education, Notes, PassportIssuedBy) VALUES(98,3, 9, 'Полина', 'Юрьевна', 'Морозова', '2014-06-25', 'метростроителей 5', 'мн 567645', '0987654321', '0930085674', '', '', 'kozii_Evg@mail.ru', '', '', '');
INSERT INTO Employees(EmployeeId, ClubId, EmployeeGroupId, Firstname, Secondname, Lastname, Birthday, Address, PassportNumber, IdNumber, CellPhone, WorkPhone, HomePhone, Email, Education, Notes, PassportIssuedBy) VALUES(99,3, 9, 'Анна', 'Васильевна', 'Чудик', '2014-06-19', 'метростроителей 5 ', 'мн 567465', '0987654321', '0930085674', '', '', 'allakofanova@mail.ru', '', '', '');
INSERT INTO Employees(EmployeeId, ClubId, EmployeeGroupId, Firstname, Secondname, Lastname, Birthday, Address, PassportNumber, IdNumber, CellPhone, WorkPhone, HomePhone, Email, Education, Notes, PassportIssuedBy) VALUES(100,3, 9, 'Анна', 'Викторовна', 'Шамова', '2014-06-11', 'метростроителей 5', 'мн 567485', '0987654321', '0939985674', '', '', 'allakofanova@mail.ru', '', '', '');
INSERT INTO Employees(EmployeeId, ClubId, EmployeeGroupId, Firstname, Secondname, Lastname, Birthday, Address, PassportNumber, IdNumber, CellPhone, WorkPhone, HomePhone, Email, Education, Notes, PassportIssuedBy) VALUES(101,3, 9, 'Юлия', 'Антоновна', 'Булычева', '2014-06-05', 'метростроителей 6', 'мн 567465', '0987654321', '0930085674', '', '', 'allakofanova@mail.ru', '', '', '');
INSERT INTO Employees(EmployeeId, ClubId, EmployeeGroupId, Firstname, Secondname, Lastname, Birthday, Address, PassportNumber, IdNumber, CellPhone, WorkPhone, HomePhone, Email, Education, Notes, PassportIssuedBy) VALUES(102,4, 7, 'Сергей', 'Иванов', 'Гуляев', '2000-08-22', 'малибу ПТИ МАШ', 'мт123456789', '123456789', '+380937088232', '', '', '', '', '', '');
INSERT INTO Employees(EmployeeId, ClubId, EmployeeGroupId, Firstname, Secondname, Lastname, Birthday, Address, PassportNumber, IdNumber, CellPhone, WorkPhone, HomePhone, Email, Education, Notes, PassportIssuedBy) VALUES(104,4, 7, 'Карим', 'Саримович', 'Садат', '1993-10-18', 'малибу', 'мт123456789', '123456789', '+380939259392', '', '', '', '', '', '');
INSERT INTO Employees(EmployeeId, ClubId, EmployeeGroupId, Firstname, Secondname, Lastname, Birthday, Address, PassportNumber, IdNumber, CellPhone, WorkPhone, HomePhone, Email, Education, Notes, PassportIssuedBy) VALUES(105,4, 7, 'Александр', 'Васильевич', 'Сухомлин', '1970-01-01', 'малибу', 'мт123456789', '123456789', '+380631634246', '', '', '', '', '', '');
INSERT INTO Employees(EmployeeId, ClubId, EmployeeGroupId, Firstname, Secondname, Lastname, Birthday, Address, PassportNumber, IdNumber, CellPhone, WorkPhone, HomePhone, Email, Education, Notes, PassportIssuedBy) VALUES(107,4, 7, 'Таня', 'Ивановна', 'Понамаренко', '1990-01-01', 'малибу', 'мт123456789', '123456789', '+380661862224', '', '', '', '', '', '');
INSERT INTO Employees(EmployeeId, ClubId, EmployeeGroupId, Firstname, Secondname, Lastname, Birthday, Address, PassportNumber, IdNumber, CellPhone, WorkPhone, HomePhone, Email, Education, Notes, PassportIssuedBy) VALUES(108,4, 7, 'Алена', 'Иванова', 'Литвинова', '1980-01-01', 'малибу', 'мт123456789', '123456789', '+380969233054', '', '', '', '', '', '');
INSERT INTO Employees(EmployeeId, ClubId, EmployeeGroupId, Firstname, Secondname, Lastname, Birthday, Address, PassportNumber, IdNumber, CellPhone, WorkPhone, HomePhone, Email, Education, Notes, PassportIssuedBy) VALUES(109,4, 7, 'Катя', 'Ивановна', 'Максимова', '1990-01-01', 'малибу', 'мт123456789', '123456789', '+380635861700', '', '', '', '', '', '');
INSERT INTO Employees(EmployeeId, ClubId, EmployeeGroupId, Firstname, Secondname, Lastname, Birthday, Address, PassportNumber, IdNumber, CellPhone, WorkPhone, HomePhone, Email, Education, Notes, PassportIssuedBy) VALUES(110,4, 7, 'Оля', 'Ивановна', 'Рюмшина', '2014-01-01', 'малибу', 'мт123456789', '123456789', '+380632943749', '', '', '', '', '', '');
INSERT INTO Employees(EmployeeId, ClubId, EmployeeGroupId, Firstname, Secondname, Lastname, Birthday, Address, PassportNumber, IdNumber, CellPhone, WorkPhone, HomePhone, Email, Education, Notes, PassportIssuedBy) VALUES(111,4, 7, 'Настя', 'Ивановна', 'Давыдова', '2014-01-01', 'малибу', 'мт123456789', '123456789', '+380990107802', '', '', '', '', '', '');
INSERT INTO Employees(EmployeeId, ClubId, EmployeeGroupId, Firstname, Secondname, Lastname, Birthday, Address, PassportNumber, IdNumber, CellPhone, WorkPhone, HomePhone, Email, Education, Notes, PassportIssuedBy) VALUES(112,4, 7, 'Лара', 'Ивановна', 'Серебрякова', '2014-01-01', 'малибу', 'мт123456789', '123456789', '+380955447490', '', '', '', '', '', '');
INSERT INTO Employees(EmployeeId, ClubId, EmployeeGroupId, Firstname, Secondname, Lastname, Birthday, Address, PassportNumber, IdNumber, CellPhone, WorkPhone, HomePhone, Email, Education, Notes, PassportIssuedBy) VALUES(114,4, 7, 'Инна', 'Ивановна', 'Краминская', '2014-01-01', 'малибу', 'мт123456789', '123456789', '+380502159328', '', '', '', '', '', '');
INSERT INTO Employees(EmployeeId, ClubId, EmployeeGroupId, Firstname, Secondname, Lastname, Birthday, Address, PassportNumber, IdNumber, CellPhone, WorkPhone, HomePhone, Email, Education, Notes, PassportIssuedBy) VALUES(116,4, 7, 'Настя', 'Ивановна', 'Сорока', '2014-01-01', 'малибу', 'мт123456789', '123456789', '+380966144995', '', '', '', '', '', '');
INSERT INTO Employees(EmployeeId, ClubId, EmployeeGroupId, Firstname, Secondname, Lastname, Birthday, Address, PassportNumber, IdNumber, CellPhone, WorkPhone, HomePhone, Email, Education, Notes, PassportIssuedBy) VALUES(117,4, 7, 'Таня', 'Ивановна', 'Любова', '2014-01-01', 'малибу', 'мт123456789', '123456789', '+380936987779', '', '', '', '', '', '');
INSERT INTO Employees(EmployeeId, ClubId, EmployeeGroupId, Firstname, Secondname, Lastname, Birthday, Address, PassportNumber, IdNumber, CellPhone, WorkPhone, HomePhone, Email, Education, Notes, PassportIssuedBy) VALUES(118,4, 7, 'Ай-до', 'Иванова', 'Маша', '2014-01-01', 'малибу', 'мт123456789', '123456789', '+380664214661', '', '', '', '', '', '');
INSERT INTO Employees(EmployeeId, ClubId, EmployeeGroupId, Firstname, Secondname, Lastname, Birthday, Address, PassportNumber, IdNumber, CellPhone, WorkPhone, HomePhone, Email, Education, Notes, PassportIssuedBy) VALUES(120,4, 7, 'Ай-до', 'Иванович', 'Александр', '2014-01-01', 'малибу', 'мт123456789', '1234567899', '+380661905965', '', '', '', '', '', '');
INSERT INTO Employees(EmployeeId, ClubId, EmployeeGroupId, Firstname, Secondname, Lastname, Birthday, Address, PassportNumber, IdNumber, CellPhone, WorkPhone, HomePhone, Email, Education, Notes, PassportIssuedBy) VALUES(121,4, 7, 'Аня', 'Иванова', 'Сендецкая', '2014-01-01', 'малибу', 'мт123456789', '123456789', '+380660303038', '', '', '', '', '', '');
INSERT INTO Employees(EmployeeId, ClubId, EmployeeGroupId, Firstname, Secondname, Lastname, Birthday, Address, PassportNumber, IdNumber, CellPhone, WorkPhone, HomePhone, Email, Education, Notes, PassportIssuedBy) VALUES(122,4, 7, 'Света', 'Света', 'Света', '2014-01-01', 'малибу', 'мт123456789', '123456789', '+380505802672', '', '', '', '', '', '');
INSERT INTO Employees(EmployeeId, ClubId, EmployeeGroupId, Firstname, Secondname, Lastname, Birthday, Address, PassportNumber, IdNumber, CellPhone, WorkPhone, HomePhone, Email, Education, Notes, PassportIssuedBy) VALUES(123,4, 7, 'Ольга', 'Ивановна', 'Земская', '2014-01-01', 'малибу', 'мт123456789', '123456789', '+380689193987', '', '', '', '', '', '');
INSERT INTO Employees(EmployeeId, ClubId, EmployeeGroupId, Firstname, Secondname, Lastname, Birthday, Address, PassportNumber, IdNumber, CellPhone, WorkPhone, HomePhone, Email, Education, Notes, PassportIssuedBy) VALUES(124,18, 15, 'Варвара', 'Н', 'Гринева', '1996-05-19', 'г. Одесса', 'ми123456', '1234567890', '+380935368916', '', '', 'shherbakova.varvara@mail.ru', '', '', '');
INSERT INTO Employees(EmployeeId, ClubId, EmployeeGroupId, Firstname, Secondname, Lastname, Birthday, Address, PassportNumber, IdNumber, CellPhone, WorkPhone, HomePhone, Email, Education, Notes, PassportIssuedBy) VALUES(125,18, 15, 'Елена', 'Викторовна', 'Сухая', '1992-06-02', 'г. Одесса', 'КМ 609554', '3375609842', '+380630438492', '', '', 'elen4ik.69@gmail.com', '', '', 'Овидиопольским РО ГУМВД Украины в Одесской области');
INSERT INTO Employees(EmployeeId, ClubId, EmployeeGroupId, Firstname, Secondname, Lastname, Birthday, Address, PassportNumber, IdNumber, CellPhone, WorkPhone, HomePhone, Email, Education, Notes, PassportIssuedBy) VALUES(126,18, 14, 'Инесса', 'р', 'Павлова ', '2000-10-20', 'г. Одесса', 'ми123456', '1234567890', '+380506463773', '', '', 'sport@malibu-sport.com.ua', '', '', '');
INSERT INTO Employees(EmployeeId, ClubId, EmployeeGroupId, Firstname, Secondname, Lastname, Birthday, Address, PassportNumber, IdNumber, CellPhone, WorkPhone, HomePhone, Email, Education, Notes, PassportIssuedBy) VALUES(127,18, 14, 'Екатерина', 'Анатолиевна', 'Киян', '1994-09-22', 'г. Одесса', 'ВК 766914', '3459805626', '+380993848338', '', '', 'sport@malibu-sport.com.ua', '', '', 'Черногвардейским РО Макеевского ГУМВД Украины в Донецкой области');
INSERT INTO Employees(EmployeeId, ClubId, EmployeeGroupId, Firstname, Secondname, Lastname, Birthday, Address, PassportNumber, IdNumber, CellPhone, WorkPhone, HomePhone, Email, Education, Notes, PassportIssuedBy) VALUES(128,18, 14, 'Анжелика', 'Александровна', 'Сердюк', '2000-08-21', 'г. Одесса', 'ВК 437981', '3347006044', '+380633044783', '', '', 'sport@malibu-sport.com.ua', '', '', 'Славянским ГО ГУМВС Украины в Донецкой обл.');
INSERT INTO Employees(EmployeeId, ClubId, EmployeeGroupId, Firstname, Secondname, Lastname, Birthday, Address, PassportNumber, IdNumber, CellPhone, WorkPhone, HomePhone, Email, Education, Notes, PassportIssuedBy) VALUES(129,18, 14, 'Василий', 'а', 'Бирюков', '2000-01-01', 'г. Одесса', 'ми123456', '1234567890', '+380689711790', '', '', 'sport@malibu-sport.com.ua', '', '', '');
INSERT INTO Employees(EmployeeId, ClubId, EmployeeGroupId, Firstname, Secondname, Lastname, Birthday, Address, PassportNumber, IdNumber, CellPhone, WorkPhone, HomePhone, Email, Education, Notes, PassportIssuedBy) VALUES(131,6, 12, 'Оксана', 'Зумба', 'Зумба', '1990-01-01', 'Харьков', 'МИ123654', '1236547899', '+380669874566', '', '', 'sport@mail.ru', '', '', '');
INSERT INTO Employees(EmployeeId, ClubId, EmployeeGroupId, Firstname, Secondname, Lastname, Birthday, Address, PassportNumber, IdNumber, CellPhone, WorkPhone, HomePhone, Email, Education, Notes, PassportIssuedBy) VALUES(132,6, 12, 'ЗАМЕНА', 'ЗАМЕНА', 'ЗАМЕНА', '2001-01-01', 'Харьков', 'ТИ123654', '1236549874', '+380441111111', '', '', 'sport@mail.ru', '', '', '');
INSERT INTO Employees(EmployeeId, ClubId, EmployeeGroupId, Firstname, Secondname, Lastname, Birthday, Address, PassportNumber, IdNumber, CellPhone, WorkPhone, HomePhone, Email, Education, Notes, PassportIssuedBy) VALUES(133,4, 7, 'Никита', 'Петрович', 'Мерцалов', '2014-01-09', 'пр 50 лет влксм 56', 'мн 454545', '1212121212', '+380952499402', '', '', 'malibu sport@mail.ru', '', '', '');
INSERT INTO Employees(EmployeeId, ClubId, EmployeeGroupId, Firstname, Secondname, Lastname, Birthday, Address, PassportNumber, IdNumber, CellPhone, WorkPhone, HomePhone, Email, Education, Notes, PassportIssuedBy) VALUES(134,3, 9, 'Юлия', 'Михайловна', 'Давиденко ', '2014-10-17', 'метростроителей 5', 'МН098765', '1234567890', '0932356542', '', '', 'allmalibu', '', '', '');
INSERT INTO Employees(EmployeeId, ClubId, EmployeeGroupId, Firstname, Secondname, Lastname, Birthday, Address, PassportNumber, IdNumber, CellPhone, WorkPhone, HomePhone, Email, Education, Notes, PassportIssuedBy) VALUES(135,3, 9, 'Елена', 'Дмитриевна', 'Краснокутская', '2014-10-21', 'метростроителей 5', 'мн123456', '1234567890', '380930085735', '', '', 'allmalibu', '', '', '');
INSERT INTO Employees(EmployeeId, ClubId, EmployeeGroupId, Firstname, Secondname, Lastname, Birthday, Address, PassportNumber, IdNumber, CellPhone, WorkPhone, HomePhone, Email, Education, Notes, PassportIssuedBy) VALUES(136,3, 9, 'Надежда', 'Игоревна', 'Серебрянская', '2014-10-14', 'метростроителей 5', 'мн 567845', '0231456987', '380930085735', '', '', 'allmalibu', '', '', '');
INSERT INTO Employees(EmployeeId, ClubId, EmployeeGroupId, Firstname, Secondname, Lastname, Birthday, Address, PassportNumber, IdNumber, CellPhone, WorkPhone, HomePhone, Email, Education, Notes, PassportIssuedBy) VALUES(137,3, 9, 'Наталья', 'Викторовна', 'Ковалева', '2014-10-22', 'метростроителей5', 'мн567465', '0321456789', '0930085735', '', '', 'allmalibu', '', '', '');
INSERT INTO Employees(EmployeeId, ClubId, EmployeeGroupId, Firstname, Secondname, Lastname, Birthday, Address, PassportNumber, IdNumber, CellPhone, WorkPhone, HomePhone, Email, Education, Notes, PassportIssuedBy) VALUES(138,3, 9, 'Лилия', 'Викторовна', 'Ярощук', '2014-10-08', 'метро5', 'мн657485', '0123456789', '380930085735', '', '', '', '', '', '');
INSERT INTO Employees(EmployeeId, ClubId, EmployeeGroupId, Firstname, Secondname, Lastname, Birthday, Address, PassportNumber, IdNumber, CellPhone, WorkPhone, HomePhone, Email, Education, Notes, PassportIssuedBy) VALUES(139,3, 10, 'Евгения', 'викторовна', 'Алиева', '2014-10-24', 'метр 5', 'мн 567485', '1234567890', '380930085735', '', '', 'allmalibu', '', '', '');
INSERT INTO Employees(EmployeeId, ClubId, EmployeeGroupId, Firstname, Secondname, Lastname, Birthday, Address, PassportNumber, IdNumber, CellPhone, WorkPhone, HomePhone, Email, Education, Notes, PassportIssuedBy) VALUES(140,6, 12, 'ЗАМЕНА', 'ЗАМЕНА', 'ЗАМЕНА', '2001-01-01', 'Харьков', 'АМ123654', '1236547898', '+380441111111', '', '', 'sport@mail.ru', '', '', '');
INSERT INTO Employees(EmployeeId, ClubId, EmployeeGroupId, Firstname, Secondname, Lastname, Birthday, Address, PassportNumber, IdNumber, CellPhone, WorkPhone, HomePhone, Email, Education, Notes, PassportIssuedBy) VALUES(141,6, 12, 'Елизавета', 'А', 'Кишкина', '2001-01-01', 'Харьков', 'ТИ123654', '1236549878', '+380441111111', '', '', 'sport@mail.ru', '', '', '');
INSERT INTO Employees(EmployeeId, ClubId, EmployeeGroupId, Firstname, Secondname, Lastname, Birthday, Address, PassportNumber, IdNumber, CellPhone, WorkPhone, HomePhone, Email, Education, Notes, PassportIssuedBy) VALUES(142,12, 16, 'Мария', 'Юрьевна', 'Суль', '1990-10-12', 'ффф', 'сю12345', '123456789', '0978627079', '0631276590', '', '', '', '', '');
INSERT INTO Employees(EmployeeId, ClubId, EmployeeGroupId, Firstname, Secondname, Lastname, Birthday, Address, PassportNumber, IdNumber, CellPhone, WorkPhone, HomePhone, Email, Education, Notes, PassportIssuedBy) VALUES(143,12, 18, 'Татьян', 'Васильевна', 'Горбачева', '1984-12-11', 'ффф', 'сю12345', '12345678', '0932954002', '', '', '', '', '', '');
INSERT INTO Employees(EmployeeId, ClubId, EmployeeGroupId, Firstname, Secondname, Lastname, Birthday, Address, PassportNumber, IdNumber, CellPhone, WorkPhone, HomePhone, Email, Education, Notes, PassportIssuedBy) VALUES(144,12, 18, 'Оля', 'Петровна', 'Бондарь', '2014-09-07', 'ффф', 'ап123', '544678', '0665581854', '', '', '', '', '', '');
INSERT INTO Employees(EmployeeId, ClubId, EmployeeGroupId, Firstname, Secondname, Lastname, Birthday, Address, PassportNumber, IdNumber, CellPhone, WorkPhone, HomePhone, Email, Education, Notes, PassportIssuedBy) VALUES(145,12, 18, 'Дарья', 'ф', 'Пижанкова', '2014-06-08', 'ф', '12345', '45678', '0934801400', '', '', '', '', '', '');
INSERT INTO Employees(EmployeeId, ClubId, EmployeeGroupId, Firstname, Secondname, Lastname, Birthday, Address, PassportNumber, IdNumber, CellPhone, WorkPhone, HomePhone, Email, Education, Notes, PassportIssuedBy) VALUES(146,12, 18, 'Марина', 'ВАсильевна', 'Кравченко', '2014-08-07', 'Прллр', 'мв12345', '1234567890', '0668843700', '', '', '', '', '', '');
INSERT INTO Employees(EmployeeId, ClubId, EmployeeGroupId, Firstname, Secondname, Lastname, Birthday, Address, PassportNumber, IdNumber, CellPhone, WorkPhone, HomePhone, Email, Education, Notes, PassportIssuedBy) VALUES(147,12, 18, 'Каятя', 'Петровна', 'Волна', '2014-11-06', 'апррр', 'св12349', '654321789', '0633277970', '', '', '', '', '', '');
INSERT INTO Employees(EmployeeId, ClubId, EmployeeGroupId, Firstname, Secondname, Lastname, Birthday, Address, PassportNumber, IdNumber, CellPhone, WorkPhone, HomePhone, Email, Education, Notes, PassportIssuedBy) VALUES(148,12, 18, 'Маша', 'Олеговна', 'Литвинчик', '2014-12-06', 'ппп', 'св12789', '4628901234', '0936785643', '', '', '', '', '', '');
INSERT INTO Employees(EmployeeId, ClubId, EmployeeGroupId, Firstname, Secondname, Lastname, Birthday, Address, PassportNumber, IdNumber, CellPhone, WorkPhone, HomePhone, Email, Education, Notes, PassportIssuedBy) VALUES(149,12, 16, 'Алена', 'Ф', 'Луценко1', '2014-11-06', 'пмпаоао', 'св12312', '7н78657585', '0935036828', '', '', '', '', '', '');
INSERT INTO Employees(EmployeeId, ClubId, EmployeeGroupId, Firstname, Secondname, Lastname, Birthday, Address, PassportNumber, IdNumber, CellPhone, WorkPhone, HomePhone, Email, Education, Notes, PassportIssuedBy) VALUES(150,12, 18, 'Наталья', 'Ф', 'НатальяПилатес', '2014-09-07', 'паллл', 'св123409', '4375699766', '0505580259', '', '', '', '', '', '');
INSERT INTO Employees(EmployeeId, ClubId, EmployeeGroupId, Firstname, Secondname, Lastname, Birthday, Address, PassportNumber, IdNumber, CellPhone, WorkPhone, HomePhone, Email, Education, Notes, PassportIssuedBy) VALUES(151,12, 18, 'Оля', 'Петровна', 'Якунина', '2014-05-06', 'авпппы', 'св34512', '5663366644', '0637401060', '', '', '', '', '', '');
INSERT INTO Employees(EmployeeId, ClubId, EmployeeGroupId, Firstname, Secondname, Lastname, Birthday, Address, PassportNumber, IdNumber, CellPhone, WorkPhone, HomePhone, Email, Education, Notes, PassportIssuedBy) VALUES(152,18, 14, 'Эльчин', 'А', 'Джаббаров', '2000-09-01', 'г. Одесса', 'мо098765', '1234567890', '0984387356', '', '', 'sport@malibu-sport.com.ua', '', '', '');
INSERT INTO Employees(EmployeeId, ClubId, EmployeeGroupId, Firstname, Secondname, Lastname, Birthday, Address, PassportNumber, IdNumber, CellPhone, WorkPhone, HomePhone, Email, Education, Notes, PassportIssuedBy) VALUES(153,5, 1, 'Алина', 'Алина', 'Тур', '2014-09-01', 'Маршала Жукова', 'мн784532', '7894561230', '+380636320035', '', '', '', '', '', '');
INSERT INTO Employees(EmployeeId, ClubId, EmployeeGroupId, Firstname, Secondname, Lastname, Birthday, Address, PassportNumber, IdNumber, CellPhone, WorkPhone, HomePhone, Email, Education, Notes, PassportIssuedBy) VALUES(154,17, 8, 'Екатерина', '1', 'Локтева', '2014-09-01', 'Харькова', '111111111', '123456789', '063000000', '', '', 'sport@malibu-sport.com.ua', '', '', '');
INSERT INTO Employees(EmployeeId, ClubId, EmployeeGroupId, Firstname, Secondname, Lastname, Birthday, Address, PassportNumber, IdNumber, CellPhone, WorkPhone, HomePhone, Email, Education, Notes, PassportIssuedBy) VALUES(155,17, 8, 'Олег ', '1', 'Зазерин', '2014-01-09', 'Харьков', '22222', '222222', '0630000000', '', '', '', '', '', '');
INSERT INTO Employees(EmployeeId, ClubId, EmployeeGroupId, Firstname, Secondname, Lastname, Birthday, Address, PassportNumber, IdNumber, CellPhone, WorkPhone, HomePhone, Email, Education, Notes, PassportIssuedBy) VALUES(156,17, 8, 'Арсен', '1', 'Арутюнян', '2014-03-09', 'Харьков', '111', '222', '0630000000', '', '', '', '', '', '');
INSERT INTO Employees(EmployeeId, ClubId, EmployeeGroupId, Firstname, Secondname, Lastname, Birthday, Address, PassportNumber, IdNumber, CellPhone, WorkPhone, HomePhone, Email, Education, Notes, PassportIssuedBy) VALUES(157,18, 15, 'Дмитрий', 'Р', 'Ибрагимов', '2014-01-01', 'vdsgfse', 'арвекр', '67678988768', '+380933332222', '', '', 'stas1133@mail.ru', '', '', 'пкпеувкек');
INSERT INTO Employees(EmployeeId, ClubId, EmployeeGroupId, Firstname, Secondname, Lastname, Birthday, Address, PassportNumber, IdNumber, CellPhone, WorkPhone, HomePhone, Email, Education, Notes, PassportIssuedBy) VALUES(158,9, 19, 'Светлана ', 'Владимировна', 'Коновалова ', '1989-09-08', 'поопоаоаног', '455686а', '1112435521', '80995039930', '', '', 'sdsd@gmail.com', '', '', '');
INSERT INTO Employees(EmployeeId, ClubId, EmployeeGroupId, Firstname, Secondname, Lastname, Birthday, Address, PassportNumber, IdNumber, CellPhone, WorkPhone, HomePhone, Email, Education, Notes, PassportIssuedBy) VALUES(159,9, 19, 'Виктория', 'Васильевна', 'Вонц ', '1988-09-12', 'ffhjgk', 'dgd56746', '112342', '80667316957', '', '', '7657465', '', '', '');
INSERT INTO Employees(EmployeeId, ClubId, EmployeeGroupId, Firstname, Secondname, Lastname, Birthday, Address, PassportNumber, IdNumber, CellPhone, WorkPhone, HomePhone, Email, Education, Notes, PassportIssuedBy) VALUES(160,9, 19, 'Наталья ', 'Сергеевна', 'Мисевра', '1987-09-05', 't', 'r', 'e', '7', '', '', '0', '', '', '');
INSERT INTO Employees(EmployeeId, ClubId, EmployeeGroupId, Firstname, Secondname, Lastname, Birthday, Address, PassportNumber, IdNumber, CellPhone, WorkPhone, HomePhone, Email, Education, Notes, PassportIssuedBy) VALUES(161,9, 19, 'Олег', 'Николаевич', 'Сиваш ', '1980-09-04', '4dgh', 'fgf', '2333', '3456', '', '', '0', '', '', '');
INSERT INTO Employees(EmployeeId, ClubId, EmployeeGroupId, Firstname, Secondname, Lastname, Birthday, Address, PassportNumber, IdNumber, CellPhone, WorkPhone, HomePhone, Email, Education, Notes, PassportIssuedBy) VALUES(162,9, 19, 'Юлия', 'Валерьевна', 'Левчук ', '1990-09-04', 'арпар', '456436', '345356', '80632134104', '', '', '0', '', '', '');
INSERT INTO Employees(EmployeeId, ClubId, EmployeeGroupId, Firstname, Secondname, Lastname, Birthday, Address, PassportNumber, IdNumber, CellPhone, WorkPhone, HomePhone, Email, Education, Notes, PassportIssuedBy) VALUES(163,9, 19, 'Кристина ', 'Юрьевна', 'Рыжих ', '1989-09-10', 'орвр', 'рпо', 'р323', '334', '', '', '0', '', '', '');
INSERT INTO Employees(EmployeeId, ClubId, EmployeeGroupId, Firstname, Secondname, Lastname, Birthday, Address, PassportNumber, IdNumber, CellPhone, WorkPhone, HomePhone, Email, Education, Notes, PassportIssuedBy) VALUES(164,9, 19, 'Наталья', 'Григорьевна', 'Лосева', '1989-09-27', 'лорд', '237', '77', '3323', '', '', '0', '', '', '');
INSERT INTO Employees(EmployeeId, ClubId, EmployeeGroupId, Firstname, Secondname, Lastname, Birthday, Address, PassportNumber, IdNumber, CellPhone, WorkPhone, HomePhone, Email, Education, Notes, PassportIssuedBy) VALUES(165,9, 19, 'Кристина', 'есть', 'Павлив ', '1989-09-10', 'ощзозщо', 'ожож', 'жоо', '323', '', '', '0', '', '', '');
INSERT INTO Employees(EmployeeId, ClubId, EmployeeGroupId, Firstname, Secondname, Lastname, Birthday, Address, PassportNumber, IdNumber, CellPhone, WorkPhone, HomePhone, Email, Education, Notes, PassportIssuedBy) VALUES(166,9, 19, 'Александр', 'Геннадиевич', 'Ачеповский', '1989-09-11', '314', '123', '431', '3123', '', '', '0', '', '', '');
INSERT INTO Employees(EmployeeId, ClubId, EmployeeGroupId, Firstname, Secondname, Lastname, Birthday, Address, PassportNumber, IdNumber, CellPhone, WorkPhone, HomePhone, Email, Education, Notes, PassportIssuedBy) VALUES(167,9, 19, 'Оксана', 'Александровна', 'Китайгородская ', '2014-09-06', 'па', 'еап', '232', '141', '', '', '0', '', '', '');
INSERT INTO Employees(EmployeeId, ClubId, EmployeeGroupId, Firstname, Secondname, Lastname, Birthday, Address, PassportNumber, IdNumber, CellPhone, WorkPhone, HomePhone, Email, Education, Notes, PassportIssuedBy) VALUES(168,9, 19, 'Артем', 'Константинович', 'Новиков ', '2014-09-04', 'прп', '4574', '53', '6574к74', '', '', '0', '', '', '');
INSERT INTO Employees(EmployeeId, ClubId, EmployeeGroupId, Firstname, Secondname, Lastname, Birthday, Address, PassportNumber, IdNumber, CellPhone, WorkPhone, HomePhone, Email, Education, Notes, PassportIssuedBy) VALUES(169,9, 19, 'Анастасия', 'Владимировна', 'Рожкевич', '2014-09-03', '55674', '64', '63', '6568', '', '', '0', '', '', '');
INSERT INTO Employees(EmployeeId, ClubId, EmployeeGroupId, Firstname, Secondname, Lastname, Birthday, Address, PassportNumber, IdNumber, CellPhone, WorkPhone, HomePhone, Email, Education, Notes, PassportIssuedBy) VALUES(171,9, 19, 'Олег', 'Олегович', 'Сироткин', '2014-09-11', 'па66й', '5433', '5435', '6785', '', '', '0', '', '', '');
INSERT INTO Employees(EmployeeId, ClubId, EmployeeGroupId, Firstname, Secondname, Lastname, Birthday, Address, PassportNumber, IdNumber, CellPhone, WorkPhone, HomePhone, Email, Education, Notes, PassportIssuedBy) VALUES(172,9, 19, 'Анна', 'Васильевна', 'Богдан', '2014-09-11', 'а656', '56757', '747654', '67587', '', '', '0', '', '', '');
INSERT INTO Employees(EmployeeId, ClubId, EmployeeGroupId, Firstname, Secondname, Lastname, Birthday, Address, PassportNumber, IdNumber, CellPhone, WorkPhone, HomePhone, Email, Education, Notes, PassportIssuedBy) VALUES(173,9, 19, 'Лилия', 'Владимировна', 'Осипова', '2014-09-09', '5575', '7457', '7747', '5457', '', '', '0', '', '', '');
INSERT INTO Employees(EmployeeId, ClubId, EmployeeGroupId, Firstname, Secondname, Lastname, Birthday, Address, PassportNumber, IdNumber, CellPhone, WorkPhone, HomePhone, Email, Education, Notes, PassportIssuedBy) VALUES(174,9, 19, 'Ирина', 'О', 'Стэп ', '2014-09-01', '453', '3464', '363', '3363', '', '', '0', '', '', '');
INSERT INTO Employees(EmployeeId, ClubId, EmployeeGroupId, Firstname, Secondname, Lastname, Birthday, Address, PassportNumber, IdNumber, CellPhone, WorkPhone, HomePhone, Email, Education, Notes, PassportIssuedBy) VALUES(175,9, 19, 'Татьяна', 'О', 'Киселева', '2014-09-20', '5765', '56875', '575', '678568', '', '', '0', '', '', '');
INSERT INTO Employees(EmployeeId, ClubId, EmployeeGroupId, Firstname, Secondname, Lastname, Birthday, Address, PassportNumber, IdNumber, CellPhone, WorkPhone, HomePhone, Email, Education, Notes, PassportIssuedBy) VALUES(176,9, 19, 'Вячеслав ', 'Георгиевич', 'ЗеленскийЙ', '2014-09-18', 'А565', '565675', '75', '45764', '', '', '0', '', '', '');
INSERT INTO Employees(EmployeeId, ClubId, EmployeeGroupId, Firstname, Secondname, Lastname, Birthday, Address, PassportNumber, IdNumber, CellPhone, WorkPhone, HomePhone, Email, Education, Notes, PassportIssuedBy) VALUES(177,9, 19, 'Сергей', 'Владимирович', 'Климчук', '2014-09-17', '67575', '7557', '7547', '5578', '', '', '0', '', '', '');
INSERT INTO Employees(EmployeeId, ClubId, EmployeeGroupId, Firstname, Secondname, Lastname, Birthday, Address, PassportNumber, IdNumber, CellPhone, WorkPhone, HomePhone, Email, Education, Notes, PassportIssuedBy) VALUES(178,9, 19, 'Антон ', 'Иванович', 'Малеваный', '2014-09-05', '4574', '4564', '4654', '4546', '', '', '0', '', '', '');
INSERT INTO Employees(EmployeeId, ClubId, EmployeeGroupId, Firstname, Secondname, Lastname, Birthday, Address, PassportNumber, IdNumber, CellPhone, WorkPhone, HomePhone, Email, Education, Notes, PassportIssuedBy) VALUES(179,9, 19, 'Мирослава ', 'Григорьевна', 'Краснокутская ', '2014-09-06', '45634', '46463', '4654', '4654646', '', '', '0', '', '', '');
INSERT INTO Employees(EmployeeId, ClubId, EmployeeGroupId, Firstname, Secondname, Lastname, Birthday, Address, PassportNumber, IdNumber, CellPhone, WorkPhone, HomePhone, Email, Education, Notes, PassportIssuedBy) VALUES(180,9, 19, 'Ольга ', 'Игоревна', 'Костяница', '2014-09-07', '5747654', '75745', '57645', '365434', '', '', '0', '', '', '');
INSERT INTO Employees(EmployeeId, ClubId, EmployeeGroupId, Firstname, Secondname, Lastname, Birthday, Address, PassportNumber, IdNumber, CellPhone, WorkPhone, HomePhone, Email, Education, Notes, PassportIssuedBy) VALUES(181,9, 19, 'Алена', 'Олеговна', 'Погорелова', '2014-09-09', '43436', '7444', '474', '80507129681', '', '', '0', '', '', '');
INSERT INTO Employees(EmployeeId, ClubId, EmployeeGroupId, Firstname, Secondname, Lastname, Birthday, Address, PassportNumber, IdNumber, CellPhone, WorkPhone, HomePhone, Email, Education, Notes, PassportIssuedBy) VALUES(182,9, 19, 'Наталья', 'Сергеевна', 'Гриценко ', '2014-09-10', '56434', '335636', '46464', '46546', '', '', '0', '', '', '');
INSERT INTO Employees(EmployeeId, ClubId, EmployeeGroupId, Firstname, Secondname, Lastname, Birthday, Address, PassportNumber, IdNumber, CellPhone, WorkPhone, HomePhone, Email, Education, Notes, PassportIssuedBy) VALUES(183,9, 19, 'Наталья', 'Владимировна', 'Слисаренко', '2014-09-13', '46465', '4654', '346536', '34634346', '', '', '0', '', '', '');
INSERT INTO Employees(EmployeeId, ClubId, EmployeeGroupId, Firstname, Secondname, Lastname, Birthday, Address, PassportNumber, IdNumber, CellPhone, WorkPhone, HomePhone, Email, Education, Notes, PassportIssuedBy) VALUES(184,9, 19, 'Татьяна', 'Викторовна', 'Разуменко ', '2014-09-18', '5634653', '7647', '46546', '4564', '', '', '678', '', '', '');
INSERT INTO Employees(EmployeeId, ClubId, EmployeeGroupId, Firstname, Secondname, Lastname, Birthday, Address, PassportNumber, IdNumber, CellPhone, WorkPhone, HomePhone, Email, Education, Notes, PassportIssuedBy) VALUES(185,9, 19, 'Яна', 'Александровна', 'Балакирская', '2014-01-11', '093', '3543', '3564', '+380934065157', '', '', '0', '', '', '');
INSERT INTO Employees(EmployeeId, ClubId, EmployeeGroupId, Firstname, Secondname, Lastname, Birthday, Address, PassportNumber, IdNumber, CellPhone, WorkPhone, HomePhone, Email, Education, Notes, PassportIssuedBy) VALUES(186,9, 19, 'Юлия ', 'Алексеевна', 'Ляхова', '2014-09-21', '44663', '744', '5754', '4654', '', '', '0', '', '', '');
INSERT INTO Employees(EmployeeId, ClubId, EmployeeGroupId, Firstname, Secondname, Lastname, Birthday, Address, PassportNumber, IdNumber, CellPhone, WorkPhone, HomePhone, Email, Education, Notes, PassportIssuedBy) VALUES(187,9, 19, 'Денис', 'Михайлович', 'Титов ', '2014-09-20', '65855', '57657', '4747', '363', '', '', '0', '', '', '');
INSERT INTO Employees(EmployeeId, ClubId, EmployeeGroupId, Firstname, Secondname, Lastname, Birthday, Address, PassportNumber, IdNumber, CellPhone, WorkPhone, HomePhone, Email, Education, Notes, PassportIssuedBy) VALUES(188,9, 19, 'Константин', 'О', 'Зубков ', '2014-09-08', '363', '4654', '46546', '46534', '', '', '0', '', '', '');
INSERT INTO Employees(EmployeeId, ClubId, EmployeeGroupId, Firstname, Secondname, Lastname, Birthday, Address, PassportNumber, IdNumber, CellPhone, WorkPhone, HomePhone, Email, Education, Notes, PassportIssuedBy) VALUES(189,9, 19, 'Артем', 'А', 'Петрик ', '2014-09-19', '865865', '57657', '47674', '3636', '', '', '0', '', '', '');
INSERT INTO Employees(EmployeeId, ClubId, EmployeeGroupId, Firstname, Secondname, Lastname, Birthday, Address, PassportNumber, IdNumber, CellPhone, WorkPhone, HomePhone, Email, Education, Notes, PassportIssuedBy) VALUES(190,9, 19, 'Владислав', 'Игоревич', 'Подгорный', '2014-09-12', '56746', '474', '44', '80958068693', '', '', '0', '', '', '');
INSERT INTO Employees(EmployeeId, ClubId, EmployeeGroupId, Firstname, Secondname, Lastname, Birthday, Address, PassportNumber, IdNumber, CellPhone, WorkPhone, HomePhone, Email, Education, Notes, PassportIssuedBy) VALUES(191,9, 19, 'Полина ', 'Олеговна', 'Карманова ', '2014-09-03', '1241', '3543', '552', '80974401115', '', '', '0', '', '', '');
INSERT INTO Employees(EmployeeId, ClubId, EmployeeGroupId, Firstname, Secondname, Lastname, Birthday, Address, PassportNumber, IdNumber, CellPhone, WorkPhone, HomePhone, Email, Education, Notes, PassportIssuedBy) VALUES(192,9, 19, 'Екатерина', 'Щ', 'Воробьева ', '2014-09-10', '456345', '45646', '4754', '4564й', '', '', '0', '', '', '');
INSERT INTO Employees(EmployeeId, ClubId, EmployeeGroupId, Firstname, Secondname, Lastname, Birthday, Address, PassportNumber, IdNumber, CellPhone, WorkPhone, HomePhone, Email, Education, Notes, PassportIssuedBy) VALUES(193,9, 19, 'Наталья', 'О', 'Гриценко ', '2014-09-02', '47646', '454567', '47654', '43653', '', '', '0', '', '', '');
INSERT INTO Employees(EmployeeId, ClubId, EmployeeGroupId, Firstname, Secondname, Lastname, Birthday, Address, PassportNumber, IdNumber, CellPhone, WorkPhone, HomePhone, Email, Education, Notes, PassportIssuedBy) VALUES(194,9, 19, 'Екатерина', 'О', 'Воробьева', '2014-09-06', 'ПАОРА', 'РАА', '4564', '343', '', '', '0', '', '', '');
INSERT INTO Employees(EmployeeId, ClubId, EmployeeGroupId, Firstname, Secondname, Lastname, Birthday, Address, PassportNumber, IdNumber, CellPhone, WorkPhone, HomePhone, Email, Education, Notes, PassportIssuedBy) VALUES(195,9, 19, 'Ирина', 'О', 'Гудзенко', '2014-09-11', '4563', '43643', '64653', '4654', '', '', '0', '', '', '');
INSERT INTO Employees(EmployeeId, ClubId, EmployeeGroupId, Firstname, Secondname, Lastname, Birthday, Address, PassportNumber, IdNumber, CellPhone, WorkPhone, HomePhone, Email, Education, Notes, PassportIssuedBy) VALUES(196,9, 19, 'Ксюша', 'А', 'Пигарева', '2014-09-19', '3453', '6434', '65465', '4653', '', '', '0', '', '', '');
INSERT INTO Employees(EmployeeId, ClubId, EmployeeGroupId, Firstname, Secondname, Lastname, Birthday, Address, PassportNumber, IdNumber, CellPhone, WorkPhone, HomePhone, Email, Education, Notes, PassportIssuedBy) VALUES(197,9, 19, 'Дарья', 'О', 'Пижанкова', '2014-09-03', '657', '363', '64363', '7644', '', '', '0', '', '', '');
INSERT INTO Employees(EmployeeId, ClubId, EmployeeGroupId, Firstname, Secondname, Lastname, Birthday, Address, PassportNumber, IdNumber, CellPhone, WorkPhone, HomePhone, Email, Education, Notes, PassportIssuedBy) VALUES(198,9, 19, 'Саша', 'О', 'Евдокимова', '2014-09-07', '674574', '474', '474', '7647', '', '', '0', '', '', '');
INSERT INTO Employees(EmployeeId, ClubId, EmployeeGroupId, Firstname, Secondname, Lastname, Birthday, Address, PassportNumber, IdNumber, CellPhone, WorkPhone, HomePhone, Email, Education, Notes, PassportIssuedBy) VALUES(199,9, 19, 'Наталия', 'Леонидовна', 'Остапова', '2014-09-26', '4365', '4747', '575', '747', '', '', '0', '', '', '');
INSERT INTO Employees(EmployeeId, ClubId, EmployeeGroupId, Firstname, Secondname, Lastname, Birthday, Address, PassportNumber, IdNumber, CellPhone, WorkPhone, HomePhone, Email, Education, Notes, PassportIssuedBy) VALUES(200,9, 19, 'Амина', 'Мерзаковна', 'Гасем', '2014-09-11', '4563', '4764', 'Й6463', '474', '', '', '0', '', '', '');
INSERT INTO Employees(EmployeeId, ClubId, EmployeeGroupId, Firstname, Secondname, Lastname, Birthday, Address, PassportNumber, IdNumber, CellPhone, WorkPhone, HomePhone, Email, Education, Notes, PassportIssuedBy) VALUES(201,9, 19, 'Елена', 'Александровна', 'Воронова', '2014-09-16', '474', '6443', '4747', '5474', '', '', '0', '', '', '');
INSERT INTO Employees(EmployeeId, ClubId, EmployeeGroupId, Firstname, Secondname, Lastname, Birthday, Address, PassportNumber, IdNumber, CellPhone, WorkPhone, HomePhone, Email, Education, Notes, PassportIssuedBy) VALUES(202,9, 19, 'Игорь', 'Александрович', 'Трефилов', '2014-09-10', '4564', '474', '764574', '80632372477', '', '', '0', '', '', '');
INSERT INTO Employees(EmployeeId, ClubId, EmployeeGroupId, Firstname, Secondname, Lastname, Birthday, Address, PassportNumber, IdNumber, CellPhone, WorkPhone, HomePhone, Email, Education, Notes, PassportIssuedBy) VALUES(203,9, 19, 'Татьяна', 'ООО ', 'ООО', '2014-09-07', '3463', '744', '74', '4363', '', '', '0', '', '', '');
INSERT INTO Employees(EmployeeId, ClubId, EmployeeGroupId, Firstname, Secondname, Lastname, Birthday, Address, PassportNumber, IdNumber, CellPhone, WorkPhone, HomePhone, Email, Education, Notes, PassportIssuedBy) VALUES(204,9, 19, 'Ольга', 'О', 'О', '2014-09-11', '54764', '7454', '4574', '676', '', '', '0', '', '', '');
INSERT INTO Employees(EmployeeId, ClubId, EmployeeGroupId, Firstname, Secondname, Lastname, Birthday, Address, PassportNumber, IdNumber, CellPhone, WorkPhone, HomePhone, Email, Education, Notes, PassportIssuedBy) VALUES(205,9, 19, 'Тренер', 'Тренер', 'Тренер', '2014-09-10', '1828', '821318', '13218', '812381', '', '', '', '', '', '');
INSERT INTO Employees(EmployeeId, ClubId, EmployeeGroupId, Firstname, Secondname, Lastname, Birthday, Address, PassportNumber, IdNumber, CellPhone, WorkPhone, HomePhone, Email, Education, Notes, PassportIssuedBy) VALUES(206,21, 20, 'Ирина', 'Николаевна', 'ТРетьяк', '1980-07-23', 'г. Харьков, ул. ...... ', 'мо123456', '1234567890', '+380984387356', '', '', 'ira123@meta.ua', '', '', '');
INSERT INTO Employees(EmployeeId, ClubId, EmployeeGroupId, Firstname, Secondname, Lastname, Birthday, Address, PassportNumber, IdNumber, CellPhone, WorkPhone, HomePhone, Email, Education, Notes, PassportIssuedBy) VALUES(207,12, 18, 'Катя', 'Ф', 'Дюрядина', '2014-09-01', 'васасс', 'са12345', '1235678986', '+38979000001', '', '', 'ftfgfgg@mail.ru', '', '', '');
INSERT INTO Employees(EmployeeId, ClubId, EmployeeGroupId, Firstname, Secondname, Lastname, Birthday, Address, PassportNumber, IdNumber, CellPhone, WorkPhone, HomePhone, Email, Education, Notes, PassportIssuedBy) VALUES(209,2, 5, 'Наталья', 'Н', 'Сиданич', '2001-01-01', 'Харьков', 'МТ123654', '12365478998', '+380989959919', '', '', 'sport@mail.ru', '', '', '');
INSERT INTO Employees(EmployeeId, ClubId, EmployeeGroupId, Firstname, Secondname, Lastname, Birthday, Address, PassportNumber, IdNumber, CellPhone, WorkPhone, HomePhone, Email, Education, Notes, PassportIssuedBy) VALUES(210,12, 18, 'Юля', 'Васильевна', 'Сотир', '1994-03-21', 'Московский проспект, 124/4', 'св12345', '12548586521', '+380976774935', '0997828308', '', 'dsdse@mail.ru', '', '', '');
INSERT INTO Employees(EmployeeId, ClubId, EmployeeGroupId, Firstname, Secondname, Lastname, Birthday, Address, PassportNumber, IdNumber, CellPhone, WorkPhone, HomePhone, Email, Education, Notes, PassportIssuedBy) VALUES(211,17, 8, 'Замена', 'Замена', 'Замена', '2014-09-01', 'пп', 'мр764857', '0987654321', '+380000000000', '', '', 'allakofanova@mail.ru', '', '', '');
INSERT INTO Employees(EmployeeId, ClubId, EmployeeGroupId, Firstname, Secondname, Lastname, Birthday, Address, PassportNumber, IdNumber, CellPhone, WorkPhone, HomePhone, Email, Education, Notes, PassportIssuedBy) VALUES(212,8, 6, 'Елена', 'Вадимовна', 'Миницкая', '1994-01-30', 'ул.Фестивальная ,39', 'МК564123', '2325636345', '0930620944', '', '', 'sport@malibu-sport.com.ua', '', '', 'Киевским РОВД в гХарьков, ');
INSERT INTO Employees(EmployeeId, ClubId, EmployeeGroupId, Firstname, Secondname, Lastname, Birthday, Address, PassportNumber, IdNumber, CellPhone, WorkPhone, HomePhone, Email, Education, Notes, PassportIssuedBy) VALUES(213,8, 6, 'Татьяна', 'Ивановна', 'Мирошниченко ', '1975-08-25', 'ул.Продольная,1,36', 'мк586236', '8569127435', '0979157486', '', '', 'mir25081975', '', '', '');
INSERT INTO Employees(EmployeeId, ClubId, EmployeeGroupId, Firstname, Secondname, Lastname, Birthday, Address, PassportNumber, IdNumber, CellPhone, WorkPhone, HomePhone, Email, Education, Notes, PassportIssuedBy) VALUES(214,8, 6, 'Елена', 'Ивановна', 'Воронова ', '1994-07-10', 'ул.продольная,3,56', 'МК2568744', '8965412326', '931631857', '', '', 'malibu-sport@meta.ua', '', '', '');
INSERT INTO Employees(EmployeeId, ClubId, EmployeeGroupId, Firstname, Secondname, Lastname, Birthday, Address, PassportNumber, IdNumber, CellPhone, WorkPhone, HomePhone, Email, Education, Notes, PassportIssuedBy) VALUES(215,16, 21, 'Алина', 'Владимировна', 'Бренько', '1990-02-25', 'ул. Рыбалко', 'МН 726732', '1234567890', '+380632625905', '', '', 'alinabrenko@mail.ru', '', '', '');
INSERT INTO Employees(EmployeeId, ClubId, EmployeeGroupId, Firstname, Secondname, Lastname, Birthday, Address, PassportNumber, IdNumber, CellPhone, WorkPhone, HomePhone, Email, Education, Notes, PassportIssuedBy) VALUES(216,16, 4, 'Сергей', 'Сергеевич', 'Ачкасов', '1988-01-31', 'ул. Тополек', 'МН 875847', '0987654321', '+38930835804', '', '', 'sport@malibu-sport.com.ua', '', '', '');
INSERT INTO Employees(EmployeeId, ClubId, EmployeeGroupId, Firstname, Secondname, Lastname, Birthday, Address, PassportNumber, IdNumber, CellPhone, WorkPhone, HomePhone, Email, Education, Notes, PassportIssuedBy) VALUES(217,16, 4, 'Максим', 'Сергеевич', 'Толкачев', '1990-10-18', 'Тополек', 'МН 500123', '6789054321', '+38634115557', '', '', 'sport@malibu-sport.com.ua', '', '', '');
INSERT INTO Employees(EmployeeId, ClubId, EmployeeGroupId, Firstname, Secondname, Lastname, Birthday, Address, PassportNumber, IdNumber, CellPhone, WorkPhone, HomePhone, Email, Education, Notes, PassportIssuedBy) VALUES(218,11, 22, 'Наташа', 'Отчество', 'Никитченко', '2014-12-06', 'тт', 'тт123456', '1234567891', '+380938919547', '', '', '', '', '', '');
INSERT INTO Employees(EmployeeId, ClubId, EmployeeGroupId, Firstname, Secondname, Lastname, Birthday, Address, PassportNumber, IdNumber, CellPhone, WorkPhone, HomePhone, Email, Education, Notes, PassportIssuedBy) VALUES(219,11, 22, 'Яна', 'Валерьевна', 'Осидач', '1985-03-06', 'тт', 'ко123456', '1234567890', '+380507753885', '', '', '', '', '', '');
INSERT INTO Employees(EmployeeId, ClubId, EmployeeGroupId, Firstname, Secondname, Lastname, Birthday, Address, PassportNumber, IdNumber, CellPhone, WorkPhone, HomePhone, Email, Education, Notes, PassportIssuedBy) VALUES(220,11, 22, 'Олег', 'Юрьевич', 'Зазерин', '1990-04-21', 'тт', 'ко123456', '1234567890', '+380936693043', '', '', '', '', '', '');
INSERT INTO Employees(EmployeeId, ClubId, EmployeeGroupId, Firstname, Secondname, Lastname, Birthday, Address, PassportNumber, IdNumber, CellPhone, WorkPhone, HomePhone, Email, Education, Notes, PassportIssuedBy) VALUES(221,11, 22, 'Людмила', 'Игоревна', 'Попченкова', '1980-12-04', 'тт', 'ко123456', '1234567890', '+380932346359', '', '', '', '', '', '');
INSERT INTO Employees(EmployeeId, ClubId, EmployeeGroupId, Firstname, Secondname, Lastname, Birthday, Address, PassportNumber, IdNumber, CellPhone, WorkPhone, HomePhone, Email, Education, Notes, PassportIssuedBy) VALUES(222,11, 22, 'Александра', 'Ивановна', 'Жилюк', '1983-08-20', 'тт', 'ко123456', '1234567890', '+380634415640', '', '', '', '', '', '');
INSERT INTO Employees(EmployeeId, ClubId, EmployeeGroupId, Firstname, Secondname, Lastname, Birthday, Address, PassportNumber, IdNumber, CellPhone, WorkPhone, HomePhone, Email, Education, Notes, PassportIssuedBy) VALUES(223,11, 22, 'Дмитрий', 'Отчество', 'Ландау', '1989-06-01', 'тт', 'ко123456', '1234567890', '+380931530020', '', '', '', '', '', '');
INSERT INTO Employees(EmployeeId, ClubId, EmployeeGroupId, Firstname, Secondname, Lastname, Birthday, Address, PassportNumber, IdNumber, CellPhone, WorkPhone, HomePhone, Email, Education, Notes, PassportIssuedBy) VALUES(224,11, 22, 'Вадим', 'Отчество', 'Орлов', '1989-11-12', 'тт', 'ко123456', '1234567890', '+380937662864', '', '', '', '', '', '');
INSERT INTO Employees(EmployeeId, ClubId, EmployeeGroupId, Firstname, Secondname, Lastname, Birthday, Address, PassportNumber, IdNumber, CellPhone, WorkPhone, HomePhone, Email, Education, Notes, PassportIssuedBy) VALUES(225,11, 22, 'Замена', 'Замена', 'ЗАМЕНА', '2001-01-01', 'тт', 'ко123456', '1234567890', '+380000000000', '', '', '', '', '', '');
INSERT INTO Employees(EmployeeId, ClubId, EmployeeGroupId, Firstname, Secondname, Lastname, Birthday, Address, PassportNumber, IdNumber, CellPhone, WorkPhone, HomePhone, Email, Education, Notes, PassportIssuedBy) VALUES(226,11, 22, 'Лариса', 'Сергеевна', 'Кашица', '1996-07-08', 'тт', 'ко123456', '1234567890', '+380934009652', '', '', '', '', '', '');
INSERT INTO Employees(EmployeeId, ClubId, EmployeeGroupId, Firstname, Secondname, Lastname, Birthday, Address, PassportNumber, IdNumber, CellPhone, WorkPhone, HomePhone, Email, Education, Notes, PassportIssuedBy) VALUES(227,4, 7, 'Лена ', 'ивановна', 'Ковалевская ', '2014-09-27', 'Птимаш ', 'мн454545', '1012121212', '+380937347564', '', '', '', '', '', '');
INSERT INTO Employees(EmployeeId, ClubId, EmployeeGroupId, Firstname, Secondname, Lastname, Birthday, Address, PassportNumber, IdNumber, CellPhone, WorkPhone, HomePhone, Email, Education, Notes, PassportIssuedBy) VALUES(228,4, 7, 'Лена', 'Петровна', 'Даценко', '2014-09-27', 'Птимаш', 'км121212', '1234567891', '+380939026266', '', '', '', '', '', '');
INSERT INTO Employees(EmployeeId, ClubId, EmployeeGroupId, Firstname, Secondname, Lastname, Birthday, Address, PassportNumber, IdNumber, CellPhone, WorkPhone, HomePhone, Email, Education, Notes, PassportIssuedBy) VALUES(229,5, 1, 'Кирилл', 'К', 'Ищенко', '1992-12-04', 'ппппп', 'ппппппппп', 'ппппппппп', 'пппппп', '', '', '', '', '', '');
INSERT INTO Employees(EmployeeId, ClubId, EmployeeGroupId, Firstname, Secondname, Lastname, Birthday, Address, PassportNumber, IdNumber, CellPhone, WorkPhone, HomePhone, Email, Education, Notes, PassportIssuedBy) VALUES(230,5, 2, 'Алина', 'Владимировна', 'Бренько', '1990-02-25', 'ул. Рыбалко 4', 'МН 560365', '1234567890', '+380632625902', '', '', 'alinabrenko@mail.ru', '', '', '');
INSERT INTO Employees(EmployeeId, ClubId, EmployeeGroupId, Firstname, Secondname, Lastname, Birthday, Address, PassportNumber, IdNumber, CellPhone, WorkPhone, HomePhone, Email, Education, Notes, PassportIssuedBy) VALUES(231,5, 1, 'Наталья', '1', 'Шеина', '2014-09-01', 'Мж', 'ин784317', '7894561237', '+380000000000', '', '', 'julya.prickle@rambler.ru', '', '', '');
INSERT INTO Employees(EmployeeId, ClubId, EmployeeGroupId, Firstname, Secondname, Lastname, Birthday, Address, PassportNumber, IdNumber, CellPhone, WorkPhone, HomePhone, Email, Education, Notes, PassportIssuedBy) VALUES(232,16, 4, 'Ирина', 'И', 'Клименко', '1990-01-22', 'ул. ', 'ва', 'ва', '0669387280', '', '', 'sport@malibu-sport.com.ua', '', '', '');
INSERT INTO Employees(EmployeeId, ClubId, EmployeeGroupId, Firstname, Secondname, Lastname, Birthday, Address, PassportNumber, IdNumber, CellPhone, WorkPhone, HomePhone, Email, Education, Notes, PassportIssuedBy) VALUES(233,16, 4, 'Анастасия', 'И', 'Сорока', '1988-05-22', 'ул.тополек', 'мн457895', 'ва', '+380966144995', '', '', 'sport@malibu-sport.com.ua', '', '', '');
INSERT INTO Employees(EmployeeId, ClubId, EmployeeGroupId, Firstname, Secondname, Lastname, Birthday, Address, PassportNumber, IdNumber, CellPhone, WorkPhone, HomePhone, Email, Education, Notes, PassportIssuedBy) VALUES(234,21, 20, 'Марина', 'Сергеевна', 'Деревянко', '1990-08-14', 'Харьков', 'мн123456', 'мн1234567890', '+380984387356', '', '', 'iren@malibu-sport.com.ua', '', '', '');
INSERT INTO Employees(EmployeeId, ClubId, EmployeeGroupId, Firstname, Secondname, Lastname, Birthday, Address, PassportNumber, IdNumber, CellPhone, WorkPhone, HomePhone, Email, Education, Notes, PassportIssuedBy) VALUES(235,1, 3, 'Алексей', 'Анатольевич', 'Григоров', '1985-03-16', 'ул. Корчагинцев д.5', 'вк676755', '3458761245859403', '0634770997', '', '', ' alexeygrigorov85@mail.ru', '', '', '');
INSERT INTO Employees(EmployeeId, ClubId, EmployeeGroupId, Firstname, Secondname, Lastname, Birthday, Address, PassportNumber, IdNumber, CellPhone, WorkPhone, HomePhone, Email, Education, Notes, PassportIssuedBy) VALUES(236,2, 5, 'Мира', 'аа', 'Краснокутская', '2014-09-01', 'ул. ленина,1', 'вк000000', '02314569877', '+380966547896', '', '', 'sport@malibu-sport.com.ua', '', '', '');
INSERT INTO Employees(EmployeeId, ClubId, EmployeeGroupId, Firstname, Secondname, Lastname, Birthday, Address, PassportNumber, IdNumber, CellPhone, WorkPhone, HomePhone, Email, Education, Notes, PassportIssuedBy) VALUES(237,2, 5, 'Ольга', ',,,,', 'Третевич', '2001-01-01', 'Харьков', 'СМ123456', '1236547898', '+380441111111', '', '', 'sport@mail.ru', '', '', '');
INSERT INTO Employees(EmployeeId, ClubId, EmployeeGroupId, Firstname, Secondname, Lastname, Birthday, Address, PassportNumber, IdNumber, CellPhone, WorkPhone, HomePhone, Email, Education, Notes, PassportIssuedBy) VALUES(238,1, 3, 'Екатерина', 'Николаевна', 'Чуб', '1992-11-08', 'ул. Продольная д.1', 'мк098765', '25732097203581', '0958374095', '', '', 'EkaterinaChub666@gmail.com', '', '', '');
INSERT INTO Employees(EmployeeId, ClubId, EmployeeGroupId, Firstname, Secondname, Lastname, Birthday, Address, PassportNumber, IdNumber, CellPhone, WorkPhone, HomePhone, Email, Education, Notes, PassportIssuedBy) VALUES(239,12, 18, 'Анна', 'Александровна', 'Ананченко', '1995-05-02', 'ул. Зеленоградная, 30, кв. 222', 'м', 'м', '0955646964', '', '', 'malibu-sport@meta.ua', '', '', '');
INSERT INTO Employees(EmployeeId, ClubId, EmployeeGroupId, Firstname, Secondname, Lastname, Birthday, Address, PassportNumber, IdNumber, CellPhone, WorkPhone, HomePhone, Email, Education, Notes, PassportIssuedBy) VALUES(240,8, 6, 'Замена', 'Замена', 'Замена', '1990-10-01', 'ул.Продольная,1,3', 'мк123586', '8596234155', '+380664411221', '', '', 'sport@malibu-sport.com.ua', '', 'Тренер на замену', '');
INSERT INTO Employees(EmployeeId, ClubId, EmployeeGroupId, Firstname, Secondname, Lastname, Birthday, Address, PassportNumber, IdNumber, CellPhone, WorkPhone, HomePhone, Email, Education, Notes, PassportIssuedBy) VALUES(241,1, 3, 'Мира', 'А', 'Краснокуцкая', '1979-01-16', 'Смольная 32', 'ВК342111', '2134567686', '+380505959514', '', '0573363338', '', '', '', '');
INSERT INTO Employees(EmployeeId, ClubId, EmployeeGroupId, Firstname, Secondname, Lastname, Birthday, Address, PassportNumber, IdNumber, CellPhone, WorkPhone, HomePhone, Email, Education, Notes, PassportIssuedBy) VALUES(242,1, 3, 'Влад', 'А', 'Гончаренко', '1994-10-18', 'Смольная 32', 'ВВ321865', '4321789544', '+380956202797', '', '', '', '', '', '');
INSERT INTO Employees(EmployeeId, ClubId, EmployeeGroupId, Firstname, Secondname, Lastname, Birthday, Address, PassportNumber, IdNumber, CellPhone, WorkPhone, HomePhone, Email, Education, Notes, PassportIssuedBy) VALUES(243,1, 3, 'Лора', 'А', 'Уварова', '1988-12-13', 'Смольная 32', 'КВ856199', '6475936095', '+380994230318', '', '', 'spotr@malibu.com.ua', '', '', '');
INSERT INTO Employees(EmployeeId, ClubId, EmployeeGroupId, Firstname, Secondname, Lastname, Birthday, Address, PassportNumber, IdNumber, CellPhone, WorkPhone, HomePhone, Email, Education, Notes, PassportIssuedBy) VALUES(244,4, 7, 'Елена', 'Е', 'Миницкая', '2001-04-30', 'Хаьков', 'МТ1233456', '1236547899', '+380930620944', '', '', 'sport@mail.ru', '', '', '');
INSERT INTO Employees(EmployeeId, ClubId, EmployeeGroupId, Firstname, Secondname, Lastname, Birthday, Address, PassportNumber, IdNumber, CellPhone, WorkPhone, HomePhone, Email, Education, Notes, PassportIssuedBy) VALUES(245,4, 7, 'Наталья', 'Н', 'Сиданич', '2001-02-05', 'Харьков', 'МТ123654', '1236547898', '+380989959919', '', '', 'sport@mail.ru', '', '', '');
INSERT INTO Employees(EmployeeId, ClubId, EmployeeGroupId, Firstname, Secondname, Lastname, Birthday, Address, PassportNumber, IdNumber, CellPhone, WorkPhone, HomePhone, Email, Education, Notes, PassportIssuedBy) VALUES(246,4, 7, 'Татьяна', 'Т', 'Яценко', '2001-03-01', 'Харьков', 'МТ123654', '1236547898', '+380965875040', '', '', 'sport@mail.ru', '', '', '');
INSERT INTO Employees(EmployeeId, ClubId, EmployeeGroupId, Firstname, Secondname, Lastname, Birthday, Address, PassportNumber, IdNumber, CellPhone, WorkPhone, HomePhone, Email, Education, Notes, PassportIssuedBy) VALUES(247,4, 7, 'Инга', 'И', 'Ружа', '2001-01-22', 'Харьков', 'МТ123654', '1236547898', '+380677111497', '', '', 'sport@mail.ru', '', '', '');
INSERT INTO Employees(EmployeeId, ClubId, EmployeeGroupId, Firstname, Secondname, Lastname, Birthday, Address, PassportNumber, IdNumber, CellPhone, WorkPhone, HomePhone, Email, Education, Notes, PassportIssuedBy) VALUES(248,4, 7, 'Наталья', 'Н', 'Матвейчук', '2001-01-01', 'Харьков', 'МТ2365415', '1236547898', '+380675777122', '', '', 'sport@mail.ru', '', '', '');
INSERT INTO Employees(EmployeeId, ClubId, EmployeeGroupId, Firstname, Secondname, Lastname, Birthday, Address, PassportNumber, IdNumber, CellPhone, WorkPhone, HomePhone, Email, Education, Notes, PassportIssuedBy) VALUES(249,4, 7, 'Алина', 'А', 'Тур', '2001-01-15', 'Харьков', 'МТ123654', '1236547899', '+380988694467', '', '', 'sport@mail.ru', '', '', '');
INSERT INTO Employees(EmployeeId, ClubId, EmployeeGroupId, Firstname, Secondname, Lastname, Birthday, Address, PassportNumber, IdNumber, CellPhone, WorkPhone, HomePhone, Email, Education, Notes, PassportIssuedBy) VALUES(250,4, 7, 'Алексей', 'А', 'Григоров', '2001-03-16', 'Харьков', 'ТИ123654', '9875642312', '+380634770997', '', '', 'sport@mail.ru', '', '', '');
INSERT INTO Employees(EmployeeId, ClubId, EmployeeGroupId, Firstname, Secondname, Lastname, Birthday, Address, PassportNumber, IdNumber, CellPhone, WorkPhone, HomePhone, Email, Education, Notes, PassportIssuedBy) VALUES(251,4, 7, 'Александр', 'А', 'Шемель', '2001-01-01', 'Харьков', 'ТР123654', '963258741', '+380661905965', '', '', 'sport@mail.ru', '', '', '');
INSERT INTO Employees(EmployeeId, ClubId, EmployeeGroupId, Firstname, Secondname, Lastname, Birthday, Address, PassportNumber, IdNumber, CellPhone, WorkPhone, HomePhone, Email, Education, Notes, PassportIssuedBy) VALUES(252,16, 4, 'Эльдина', 'Эля', 'Каджая', '1995-04-20', 'фф', 'фф', 'фф', '+380638498237', '', '', 'allakofanova@mail.ru', '', '', '');
INSERT INTO Employees(EmployeeId, ClubId, EmployeeGroupId, Firstname, Secondname, Lastname, Birthday, Address, PassportNumber, IdNumber, CellPhone, WorkPhone, HomePhone, Email, Education, Notes, PassportIssuedBy) VALUES(253,16, 4, 'Оля', 'Оля', 'Оля', '2014-10-01', 'ол', 'лд', 'лдэ', '+380000000000', '', '', 'allakofanova@mail.ru', '', '', '');
INSERT INTO Employees(EmployeeId, ClubId, EmployeeGroupId, Firstname, Secondname, Lastname, Birthday, Address, PassportNumber, IdNumber, CellPhone, WorkPhone, HomePhone, Email, Education, Notes, PassportIssuedBy) VALUES(254,1, 3, 'Артем', 'Александрович', 'Кобко', '1994-06-24', 'просп. Победы д.67', 'вн676767676', '6768483028676944', '+380660836118', '', '', 'rover.94@mail.ru', '', '', '');
INSERT INTO Employees(EmployeeId, ClubId, EmployeeGroupId, Firstname, Secondname, Lastname, Birthday, Address, PassportNumber, IdNumber, CellPhone, WorkPhone, HomePhone, Email, Education, Notes, PassportIssuedBy) VALUES(255,12, 18, 'Лена', 'Ф', 'Важнича', '2014-10-01', 'adfgfg@mail.ru', '1445566', '158515962451', '+380971111214', '', '', '', '', '', '');
INSERT INTO Employees(EmployeeId, ClubId, EmployeeGroupId, Firstname, Secondname, Lastname, Birthday, Address, PassportNumber, IdNumber, CellPhone, WorkPhone, HomePhone, Email, Education, Notes, PassportIssuedBy) VALUES(256,3, 9, 'Женя', '....', 'Губенюк', '2014-01-01', 'дддд', '111111', '111111111111', '+380677115197', '', '', 'malibu@mail.ru', '', '', '');
INSERT INTO Employees(EmployeeId, ClubId, EmployeeGroupId, Firstname, Secondname, Lastname, Birthday, Address, PassportNumber, IdNumber, CellPhone, WorkPhone, HomePhone, Email, Education, Notes, PassportIssuedBy) VALUES(257,3, 9, 'Оля', '...', 'Литвинова', '2014-01-01', 'ррр', '1111', '11111', '+380962131038', '', '', 'malibu@mail.ru', '', '', '');
INSERT INTO Employees(EmployeeId, ClubId, EmployeeGroupId, Firstname, Secondname, Lastname, Birthday, Address, PassportNumber, IdNumber, CellPhone, WorkPhone, HomePhone, Email, Education, Notes, PassportIssuedBy) VALUES(258,3, 9, 'Алина', '...', 'Макаренко', '2014-01-06', 'ллллл', '11111', '11111', '+380666601606', '', '', 'malibu@mail.ru', '', '', '');
INSERT INTO Employees(EmployeeId, ClubId, EmployeeGroupId, Firstname, Secondname, Lastname, Birthday, Address, PassportNumber, IdNumber, CellPhone, WorkPhone, HomePhone, Email, Education, Notes, PassportIssuedBy) VALUES(259,4, 7, 'Андрей', 'Юрьевич', 'Волошин', '2014-10-01', 'Харьков', '987654', '987654', '0910810009', '', '', 'sport@mail.ru', '', '', '');
INSERT INTO Employees(EmployeeId, ClubId, EmployeeGroupId, Firstname, Secondname, Lastname, Birthday, Address, PassportNumber, IdNumber, CellPhone, WorkPhone, HomePhone, Email, Education, Notes, PassportIssuedBy) VALUES(260,9, 19, 'Татьяна', 'Сергеевна', 'Солониченко', '1992-01-26', 'ооо', 'ооо', 'оооо', '+380507596750', '', '', '', '', '', '');
INSERT INTO Employees(EmployeeId, ClubId, EmployeeGroupId, Firstname, Secondname, Lastname, Birthday, Address, PassportNumber, IdNumber, CellPhone, WorkPhone, HomePhone, Email, Education, Notes, PassportIssuedBy) VALUES(261,2, 5, 'Валентин', 'Сергеевич', 'Рязанов', '1993-02-22', 'ул. ленина, 1', 'мр256589', '235589647896', '+380506655606', '', '', 'sport@malibu-sport.com.ua', 'ХНУРЕ', '', '');
INSERT INTO Employees(EmployeeId, ClubId, EmployeeGroupId, Firstname, Secondname, Lastname, Birthday, Address, PassportNumber, IdNumber, CellPhone, WorkPhone, HomePhone, Email, Education, Notes, PassportIssuedBy) VALUES(262,2, 5, 'Владислав', 'ааа', 'Кравченко', '2014-10-01', 'ул. ленина, 1', 'пе256314', '12345678963', '+380958741480', '', '', 'sport@malibu-sport.com.ua', '', '', '');
INSERT INTO Employees(EmployeeId, ClubId, EmployeeGroupId, Firstname, Secondname, Lastname, Birthday, Address, PassportNumber, IdNumber, CellPhone, WorkPhone, HomePhone, Email, Education, Notes, PassportIssuedBy) VALUES(263,11, 22, 'Ульяна', 'Отчество', 'Баженова', '2001-01-01', 'тт', 'ко123456', '1234567890', '+380633266268', '', '', '', '', '', '');
INSERT INTO Employees(EmployeeId, ClubId, EmployeeGroupId, Firstname, Secondname, Lastname, Birthday, Address, PassportNumber, IdNumber, CellPhone, WorkPhone, HomePhone, Email, Education, Notes, PassportIssuedBy) VALUES(264,11, 22, 'Оксана', 'Отчество', 'Зумба', '2001-01-01', 'тт', 'ко123456', '1234567890', '+380979287402', '', '', '', '', '', '');
INSERT INTO Employees(EmployeeId, ClubId, EmployeeGroupId, Firstname, Secondname, Lastname, Birthday, Address, PassportNumber, IdNumber, CellPhone, WorkPhone, HomePhone, Email, Education, Notes, PassportIssuedBy) VALUES(265,11, 22, 'Оксана', 'Отчество', 'Детки', '2001-01-01', 'тт', 'ко123456', '1234567890', '+380952508005', '', '', '', '', '', '');
INSERT INTO Employees(EmployeeId, ClubId, EmployeeGroupId, Firstname, Secondname, Lastname, Birthday, Address, PassportNumber, IdNumber, CellPhone, WorkPhone, HomePhone, Email, Education, Notes, PassportIssuedBy) VALUES(266,2, 5, 'замена', 'замена', 'замена', '2014-10-01', 'ул. ленина 1', 'ап125478', '25369874512', '+380000000000', '', '', 'sport@mail.ru', '', '', '');
INSERT INTO Employees(EmployeeId, ClubId, EmployeeGroupId, Firstname, Secondname, Lastname, Birthday, Address, PassportNumber, IdNumber, CellPhone, WorkPhone, HomePhone, Email, Education, Notes, PassportIssuedBy) VALUES(267,2, 5, 'Зеяд', 'ааа', 'Баракат', '2014-10-01', 'ул. ленина, 1', 'вк258965', '12345678963', '+380000000000', '', '', 'sport@malibu-sport.com.ua', '', '', '');
INSERT INTO Employees(EmployeeId, ClubId, EmployeeGroupId, Firstname, Secondname, Lastname, Birthday, Address, PassportNumber, IdNumber, CellPhone, WorkPhone, HomePhone, Email, Education, Notes, PassportIssuedBy) VALUES(268,2, 5, 'Катя', 'а', 'Имшиницкая', '2014-10-01', 'пр. ленина,3', 'пе456321', '12365478963', '+380636294034', '', '', 'sport@malibu-sport.com.ua', '', '', '');
INSERT INTO Employees(EmployeeId, ClubId, EmployeeGroupId, Firstname, Secondname, Lastname, Birthday, Address, PassportNumber, IdNumber, CellPhone, WorkPhone, HomePhone, Email, Education, Notes, PassportIssuedBy) VALUES(269,9, 19, 'Артем', 'Александрович', 'Кобко', '1994-06-24', 'ллл', 'ллл', 'ллл', '+380660836118', '', '', '', '', '', '');
INSERT INTO Employees(EmployeeId, ClubId, EmployeeGroupId, Firstname, Secondname, Lastname, Birthday, Address, PassportNumber, IdNumber, CellPhone, WorkPhone, HomePhone, Email, Education, Notes, PassportIssuedBy) VALUES(270,2, 5, 'Леша', 'а', 'Гусар', '2014-10-01', 'пр. ленина 31', 'ак125463', '12345698547', '+380630429290', '', '', 'sport@malibu-sport.com.ua', '', '', '');
INSERT INTO Employees(EmployeeId, ClubId, EmployeeGroupId, Firstname, Secondname, Lastname, Birthday, Address, PassportNumber, IdNumber, CellPhone, WorkPhone, HomePhone, Email, Education, Notes, PassportIssuedBy) VALUES(271,1, 3, 'Влад', 'Игоревич', 'Подгорный', '1981-05-18', 'Смольная 32', 'КС176342', '6548294634', '+380670000000', '', '', 'sport@malibu-sport.com.ua', '', '', '');
INSERT INTO Employees(EmployeeId, ClubId, EmployeeGroupId, Firstname, Secondname, Lastname, Birthday, Address, PassportNumber, IdNumber, CellPhone, WorkPhone, HomePhone, Email, Education, Notes, PassportIssuedBy) VALUES(272,18, 14, 'Марина', 'А', 'Сёмик', '1991-01-07', 'Гайдара 7 кв 35', 'аварвпоапьа', '83484874874389498498', '+380955379233', '', '', 'Angelo456@rambler.ru', '', '', '');
INSERT INTO Employees(EmployeeId, ClubId, EmployeeGroupId, Firstname, Secondname, Lastname, Birthday, Address, PassportNumber, IdNumber, CellPhone, WorkPhone, HomePhone, Email, Education, Notes, PassportIssuedBy) VALUES(273,3, 9, 'Александр', '....', 'Шимель', '2014-01-01', 'дддд', '1111', '1111', '+380661905965', '', '', 'malibu@mail.ru', '', '', '');
INSERT INTO Employees(EmployeeId, ClubId, EmployeeGroupId, Firstname, Secondname, Lastname, Birthday, Address, PassportNumber, IdNumber, CellPhone, WorkPhone, HomePhone, Email, Education, Notes, PassportIssuedBy) VALUES(274,5, 1, 'Замена фитнес', 'Замена фитнес', 'Замена фитнес', '2014-01-01', 'харьков', 'мн1010101', '1023654789', '+380500000000', '', '', '', '', '', '');
INSERT INTO Employees(EmployeeId, ClubId, EmployeeGroupId, Firstname, Secondname, Lastname, Birthday, Address, PassportNumber, IdNumber, CellPhone, WorkPhone, HomePhone, Email, Education, Notes, PassportIssuedBy) VALUES(275,2, 5, 'Аннаа', 'А', 'Ольховская', '2001-01-01', 'Харьков', 'МИ1232654', '1236547898', '+380958323125', '', '', 'sport@mail.ru', '', '', '');
INSERT INTO Employees(EmployeeId, ClubId, EmployeeGroupId, Firstname, Secondname, Lastname, Birthday, Address, PassportNumber, IdNumber, CellPhone, WorkPhone, HomePhone, Email, Education, Notes, PassportIssuedBy) VALUES(276,2, 5, 'Екатерина', '...', 'Чуб', '1987-01-01', '123', '1234567890', '123456789', '+380958374095', '', '', 'sport@malibu-sport.com.ua', '', '', '');
INSERT INTO Employees(EmployeeId, ClubId, EmployeeGroupId, Firstname, Secondname, Lastname, Birthday, Address, PassportNumber, IdNumber, CellPhone, WorkPhone, HomePhone, Email, Education, Notes, PassportIssuedBy) VALUES(277,6, 12, 'Владислав', 'Романович', 'Баланюк ', '1994-10-14', 'Харьков', 'МИ123456', '123456789', '0939070150', '', '', '', '', '', '');
INSERT INTO Employees(EmployeeId, ClubId, EmployeeGroupId, Firstname, Secondname, Lastname, Birthday, Address, PassportNumber, IdNumber, CellPhone, WorkPhone, HomePhone, Email, Education, Notes, PassportIssuedBy) VALUES(278,16, 4, 'Артем', '1', 'Корх', '2014-10-01', 'ыы', 'ыы234576', '7754543333', '+380000000000', '', '', 'sport@malibu-sport.com.ua', '', '', '');
INSERT INTO Employees(EmployeeId, ClubId, EmployeeGroupId, Firstname, Secondname, Lastname, Birthday, Address, PassportNumber, IdNumber, CellPhone, WorkPhone, HomePhone, Email, Education, Notes, PassportIssuedBy) VALUES(279,22, 25, 'Олександра', 'Ігорівна', 'Коблиця', '1987-04-11', 'м.Львів, вул. Окружна,44, кв.10', 'КО 526234', '3187711304', '066 46 95 777', '', '', 'akoblitsya@mail.ru', '', '', 'Гадяцьким РВ УМВС України в Полтавській обл. 16 жовтня 2003р');
INSERT INTO Employees(EmployeeId, ClubId, EmployeeGroupId, Firstname, Secondname, Lastname, Birthday, Address, PassportNumber, IdNumber, CellPhone, WorkPhone, HomePhone, Email, Education, Notes, PassportIssuedBy) VALUES(280,9, 19, 'Наталья', 'Юрьевна', 'Левенко', '1993-06-29', 'дл', 'вв', 'вв', '+380634183687', '', '', '', '', '', '');
INSERT INTO Employees(EmployeeId, ClubId, EmployeeGroupId, Firstname, Secondname, Lastname, Birthday, Address, PassportNumber, IdNumber, CellPhone, WorkPhone, HomePhone, Email, Education, Notes, PassportIssuedBy) VALUES(281,9, 19, 'Ирина', 'Михайловна', 'Остапек', '1989-12-13', '1', '2', '1', '+380632985134', '', '', '', '', '', '');
INSERT INTO Employees(EmployeeId, ClubId, EmployeeGroupId, Firstname, Secondname, Lastname, Birthday, Address, PassportNumber, IdNumber, CellPhone, WorkPhone, HomePhone, Email, Education, Notes, PassportIssuedBy) VALUES(282,8, 6, 'Анна', 'Ивановна', 'Красова', '1999-10-01', 'ул. фестивальная,6', 'мк123456', '3215469822', '0930649869', '', '', 'malibu-sport@meta.ua', '', '', '');
INSERT INTO Employees(EmployeeId, ClubId, EmployeeGroupId, Firstname, Secondname, Lastname, Birthday, Address, PassportNumber, IdNumber, CellPhone, WorkPhone, HomePhone, Email, Education, Notes, PassportIssuedBy) VALUES(283,22, 26, 'Наталыя', 'Михайлівна', 'Дудка', '1984-11-04', 'вул. Антоновича 4, 17', 'КС 847071', '3098905488', '0632460172', '', '', '', '', '', '');
INSERT INTO Employees(EmployeeId, ClubId, EmployeeGroupId, Firstname, Secondname, Lastname, Birthday, Address, PassportNumber, IdNumber, CellPhone, WorkPhone, HomePhone, Email, Education, Notes, PassportIssuedBy) VALUES(284,22, 26, 'Вікторія', 'Петрівна', 'Драгунова', '1987-08-24', 'вул. Малишка 26', 'ВН 622056', '622056', '0961256630', '', '', '', '', '', '');
INSERT INTO Employees(EmployeeId, ClubId, EmployeeGroupId, Firstname, Secondname, Lastname, Birthday, Address, PassportNumber, IdNumber, CellPhone, WorkPhone, HomePhone, Email, Education, Notes, PassportIssuedBy) VALUES(285,22, 26, 'Христина', 'Володимирівна', 'Пеленьо', '1995-05-23', 'м.Львів', 'КС 330451', '3484105184', '0632415591', '', '', '', '', '', '');
INSERT INTO Employees(EmployeeId, ClubId, EmployeeGroupId, Firstname, Secondname, Lastname, Birthday, Address, PassportNumber, IdNumber, CellPhone, WorkPhone, HomePhone, Email, Education, Notes, PassportIssuedBy) VALUES(286,22, 26, 'Надія', 'Миколаївна', 'Сантер', '1992-04-18', 'м.Львів', 'КС 778560', '3371100944', '0931345333', '', '', '', '', '', '');
INSERT INTO Employees(EmployeeId, ClubId, EmployeeGroupId, Firstname, Secondname, Lastname, Birthday, Address, PassportNumber, IdNumber, CellPhone, WorkPhone, HomePhone, Email, Education, Notes, PassportIssuedBy) VALUES(287,22, 26, 'Юлія', 'Марянівна', 'Висоцька', '1994-08-13', 'вул.Сагайдачного, 6', 'КС 785151', '785151', '0931401713', '', '', '', '', '', '');
INSERT INTO Employees(EmployeeId, ClubId, EmployeeGroupId, Firstname, Secondname, Lastname, Birthday, Address, PassportNumber, IdNumber, CellPhone, WorkPhone, HomePhone, Email, Education, Notes, PassportIssuedBy) VALUES(288,22, 26, 'Ірина', 'Андріївна', 'Домерецька', '1992-05-16', 'вул.Морозна, 19,кв,23', 'КС 123456', '3373907042', '0630763122', '', '', '', '', '', '');
INSERT INTO Employees(EmployeeId, ClubId, EmployeeGroupId, Firstname, Secondname, Lastname, Birthday, Address, PassportNumber, IdNumber, CellPhone, WorkPhone, HomePhone, Email, Education, Notes, PassportIssuedBy) VALUES(289,22, 25, 'Наталія', 'Степанівна', 'Чумак', '1993-02-05', 'Пустомити', 'КС 712155', '3400405462', '0930388067', '', '', '', '', '', '');
INSERT INTO Employees(EmployeeId, ClubId, EmployeeGroupId, Firstname, Secondname, Lastname, Birthday, Address, PassportNumber, IdNumber, CellPhone, WorkPhone, HomePhone, Email, Education, Notes, PassportIssuedBy) VALUES(290,22, 26, 'Ірина', 'Ігорівна', 'Купріянова', '1989-11-04', 'м.Львів', 'КС 443914', '3281503187', '0980721156', '', '', '', '', '', '');
INSERT INTO Employees(EmployeeId, ClubId, EmployeeGroupId, Firstname, Secondname, Lastname, Birthday, Address, PassportNumber, IdNumber, CellPhone, WorkPhone, HomePhone, Email, Education, Notes, PassportIssuedBy) VALUES(291,22, 26, 'Тетяна', 'Михайлівна', 'Самсонюк', '1987-03-04', 'м.Львів', 'НВ 266056', '3183918420', '0676724003', '', '', '', '', '', '');
INSERT INTO Employees(EmployeeId, ClubId, EmployeeGroupId, Firstname, Secondname, Lastname, Birthday, Address, PassportNumber, IdNumber, CellPhone, WorkPhone, HomePhone, Email, Education, Notes, PassportIssuedBy) VALUES(292,22, 26, 'к', 'н', 'Олена', '2014-10-02', 'м.Львів', 'КС1223456', '123456', '0666858083', '', '', '', '', '', '');
INSERT INTO Employees(EmployeeId, ClubId, EmployeeGroupId, Firstname, Secondname, Lastname, Birthday, Address, PassportNumber, IdNumber, CellPhone, WorkPhone, HomePhone, Email, Education, Notes, PassportIssuedBy) VALUES(293,22, 26, 'Наталя', 'Євгеніївна', 'Никитюк', '1989-11-11', 'м.Львів', 'КС2123456', '123456', '0937277852', '', '', 'NatikN89@mail.ru', '', '', '');
INSERT INTO Employees(EmployeeId, ClubId, EmployeeGroupId, Firstname, Secondname, Lastname, Birthday, Address, PassportNumber, IdNumber, CellPhone, WorkPhone, HomePhone, Email, Education, Notes, PassportIssuedBy) VALUES(294,16, 4, 'Дарина', 'Андреевна', 'Зинченко', '1990-01-23', 'ф', '123456', '442211223344', '+30635699634', '', '', 'ashley_heartbreaker@ukr.net', '', '', '');
INSERT INTO Employees(EmployeeId, ClubId, EmployeeGroupId, Firstname, Secondname, Lastname, Birthday, Address, PassportNumber, IdNumber, CellPhone, WorkPhone, HomePhone, Email, Education, Notes, PassportIssuedBy) VALUES(295,12, 18, 'Катя', 'Олеговна', 'Пантелеева', '1994-09-29', 'авпааа', 'св12345', '123455676788', '+380994598199', '', '', '1103ekaterina_panteleeva@mail.ru', '', '', '');
INSERT INTO Employees(EmployeeId, ClubId, EmployeeGroupId, Firstname, Secondname, Lastname, Birthday, Address, PassportNumber, IdNumber, CellPhone, WorkPhone, HomePhone, Email, Education, Notes, PassportIssuedBy) VALUES(296,9, 19, 'Денис', '1', 'Рыбалкин', '2000-01-01', '1', '1', '1', '+380666046001', '', '', '', '', '', '');
INSERT INTO Employees(EmployeeId, ClubId, EmployeeGroupId, Firstname, Secondname, Lastname, Birthday, Address, PassportNumber, IdNumber, CellPhone, WorkPhone, HomePhone, Email, Education, Notes, PassportIssuedBy) VALUES(297,16, 4, 'замена', 'замена', 'Замена', '2014-10-01', 'в', 'пн763507', '0987654321', '+380000000000', '', '', 'jenia999@mail.ru', '', '', 'ыфв');
INSERT INTO Employees(EmployeeId, ClubId, EmployeeGroupId, Firstname, Secondname, Lastname, Birthday, Address, PassportNumber, IdNumber, CellPhone, WorkPhone, HomePhone, Email, Education, Notes, PassportIssuedBy) VALUES(298,18, 14, 'Фарид', 'Мусаевич', 'Гасымов', '1996-09-01', 'г.Одесса, ул.Королева 43а, кв 3', 'КМ12345678', '1234567899876', '+380935614588', '', '', 'gasimov.80@mail.ua', '', '', '');
INSERT INTO Employees(EmployeeId, ClubId, EmployeeGroupId, Firstname, Secondname, Lastname, Birthday, Address, PassportNumber, IdNumber, CellPhone, WorkPhone, HomePhone, Email, Education, Notes, PassportIssuedBy) VALUES(299,18, 15, 'Юлианна', 'Афанасьевна', 'Читак', '1993-04-01', 'г.Одесса, ул.Палубная,9', 'КМ1212121212', '2345654321345', '+380636310632', '', '', 'chitak_ulia@mail.ru', '', '', '');
INSERT INTO Employees(EmployeeId, ClubId, EmployeeGroupId, Firstname, Secondname, Lastname, Birthday, Address, PassportNumber, IdNumber, CellPhone, WorkPhone, HomePhone, Email, Education, Notes, PassportIssuedBy) VALUES(300,12, 18, 'Алексей', 'Александрович', 'Кошеленко', '1985-08-08', 'ул. Монюшко 16', 'n', 'n', '+380669001773', '+380969450764', '', 'malibu@mail.ru', '', '', '');
INSERT INTO Employees(EmployeeId, ClubId, EmployeeGroupId, Firstname, Secondname, Lastname, Birthday, Address, PassportNumber, IdNumber, CellPhone, WorkPhone, HomePhone, Email, Education, Notes, PassportIssuedBy) VALUES(301,9, 19, 'Александра', '1', '1', '2014-10-01', '1', '1', '1', '+380992990212', '', '', '', '', '', '');
INSERT INTO Employees(EmployeeId, ClubId, EmployeeGroupId, Firstname, Secondname, Lastname, Birthday, Address, PassportNumber, IdNumber, CellPhone, WorkPhone, HomePhone, Email, Education, Notes, PassportIssuedBy) VALUES(302,6, 12, 'Виталий', 'Сергеевич', 'Богута', '2001-01-01', 'Харьков', 'МТ123654', '98756412352', '+380930904358', '', '', 'sport@mail.ru', '', '', '');
INSERT INTO Employees(EmployeeId, ClubId, EmployeeGroupId, Firstname, Secondname, Lastname, Birthday, Address, PassportNumber, IdNumber, CellPhone, WorkPhone, HomePhone, Email, Education, Notes, PassportIssuedBy) VALUES(303,12, 18, 'Мария', 'Ю', 'Водалазская', '2014-10-22', 'аааааа', 'сю34567', '1234567892', '+380502222221', '', '', 'dfggbgdf@mail.ru', '', '', '');
INSERT INTO Employees(EmployeeId, ClubId, EmployeeGroupId, Firstname, Secondname, Lastname, Birthday, Address, PassportNumber, IdNumber, CellPhone, WorkPhone, HomePhone, Email, Education, Notes, PassportIssuedBy) VALUES(304,21, 24, 'Дарья', 'Николаевна', 'Шендрик', '1989-03-09', 'Дружбы народов, д.277, кв 19', 'мс2131365', '0339945852', '0996423558', '', '', 'gontarenkod@mail.ru', 'высшее', '', '');


SET IDENTITY_INSERT Employees OFF
go